Country,1980,1981,1982,1983,1984,1985,1986,1987,1988,1989,1990,1991,1992,1993,1994,1995,1996,1997,1998,1999,2000,2001,2002,2003,2004,2005,2006,2007,2008,2009,2010
North America,320.27638,324.44694,328.62014,332.72487,336.72143,340.74811,344.89548,349.07829,353.2939,357.68457,362.4468,367.70684,373.29069,378.74233,383.9166,388.97216,393.9428,398.97205,403.85585,408.60296,413.3245,417.83236,422.05268,426.06238,430.26938,434.47232,438.82964,443.3473,447.67394,451.83698,456.59331
Bermuda,0.05473,0.05491,0.05517,0.05551,0.05585,0.05618,0.05651,0.05683,0.05717,0.05749,0.05778,0.0581,0.0587,0.05924,0.05975,0.06029,0.06087,0.06145,0.06198,0.06251,0.06306,0.06361,0.06418,0.06476,0.06534,0.06591,0.06644,0.06692,0.06739,0.06784,0.06827
Canada,24.5933,24.9,25.2019,25.4563,25.7018,25.9416,26.2038,26.5497,26.8948,27.3793,27.7906,28.1179,28.54489,28.95334,29.33081,29.69053,30.02632,30.3056,30.55166,30.82026,31.09956,31.37674,31.64096,31.88931,32.13476,32.38638,32.65668,32.93596,33.2127,33.48721,33.75974
Greenland,0.05021,0.05103,0.05166,0.05211,0.05263,0.05315,0.05364,0.0541,0.05485,0.05541,0.05563,0.05554,0.05549,0.05564,0.05592,0.05619,0.05634,0.05651,0.05661,0.0567,0.05689,0.05713,0.05736,0.05754,0.0577,0.05778,0.05764,0.05753,0.05756,0.0576,0.05764
Mexico,68.34748,69.96926,71.6409,73.36288,75.08014,76.76723,78.44243,80.12249,81.78182,83.36684,84.91365,86.48803,88.11103,89.74914,91.3379,92.88035,94.39858,95.89515,97.32506,98.61691,99.92662,101.24696,102.47993,103.71806,104.95959,106.2029,107.44953,108.70089,109.9554,111.21179,112.46886
Saint Pierre and Miquelon,0.00599,0.00601,0.00605,0.00607,0.00611,0.00616,0.00621,0.00625,0.00628,0.00631,0.00632,0.00633,0.00636,0.00638,0.0064,0.0064,0.00641,0.00642,0.00642,0.00643,0.00641,0.00637,0.00633,0.00629,0.00625,0.0062,0.00615,0.0061,0.00605,0.006,0.00594
United States,227.22468,229.46571,231.66446,233.79199,235.8249,237.9238,240.13289,242.28892,244.49898,246.81923,249.62281,252.98094,256.51422,259.91859,263.12582,266.27839,269.39428,272.64693,275.8541,279.04017,282.17196,285.08156,287.80391,290.32642,293.04574,295.75315,298.59321,301.5799,304.37485,307.00655,310.23286
Central & South America,293.05856,299.43033,305.95253,312.51136,318.87955,325.22704,331.82291,338.59859,345.44544,352.20471,358.79973,365.15137,371.43224,377.7438,384.26984,390.75665,397.13002,403.41352,409.62879,415.63607,421.4539,427.24012,433.05116,438.97976,445.01525,451.05504,457.01699,462.89157,468.73872,474.53897,480.01228
Antigua and Barbuda,0.06855,0.06826,0.06801,0.06562,0.06447,0.0644,0.0644,0.06442,0.06443,0.06439,0.06416,0.06403,0.06518,0.06633,0.06749,0.06871,0.07006,0.07145,0.07278,0.07402,0.07535,0.07673,0.07794,0.07907,0.08019,0.08128,0.08234,0.08343,0.08452,0.08563,0.08675
Argentina,28.3698,28.84806,29.32988,29.79355,30.23064,30.67176,31.14499,31.62462,32.09932,32.57162,33.03558,33.50441,33.96685,34.40715,34.84689,35.27384,35.68296,36.10216,36.51792,36.92342,37.33565,37.69417,37.99945,38.33688,38.74183,39.18126,39.61443,40.04882,40.482,40.91358,41.3432
"Bahamas, The",0.20976,0.21345,0.21713,0.22086,0.22462,0.2282,0.23143,0.23448,0.23771,0.24124,0.24513,0.24931,0.25356,0.25766,0.26151,0.26518,0.26888,0.27256,0.27599,0.27931,0.28259,0.28569,0.28858,0.29135,0.29406,0.29671,0.29929,0.30197,0.30473,0.30755,0.31043
Barbados,0.25197,0.25236,0.25348,0.25485,0.25611,0.25725,0.25827,0.25912,0.25995,0.26109,0.26226,0.26334,0.2646,0.2657,0.26663,0.26767,0.26881,0.27006,0.27129,0.2725,0.27368,0.27491,0.27622,0.27755,0.27882,0.28004,0.28121,0.28236,0.2835,0.28459,0.28565
Belize,0.14442,0.14921,0.1533,0.15685,0.16081,0.16556,0.17124,0.17635,0.1814,0.18643,0.19087,0.19575,0.20082,0.20609,0.21155,0.21717,0.22297,0.22895,0.23513,0.24148,0.248,0.25464,0.2613,0.26796,0.27462,0.28129,0.28795,0.29461,0.30127,0.3079,0.31452
Bolivia,5.4413,5.54522,5.64222,5.73743,5.83429,5.93494,6.04135,6.15637,6.28316,6.42314,6.5739,6.73148,6.89345,7.05434,7.21481,7.37487,7.5344,7.69515,7.8589,8.02556,8.1951,8.36745,8.54249,8.71906,8.89597,9.07294,9.24971,9.42594,9.60126,9.77525,9.94742
Brazil,123.01963,125.99213,129.02765,131.96012,134.69947,137.38198,140.19628,143.02654,145.87275,148.65864,151.17006,153.58396,156.03206,158.51205,161.01706,163.54428,166.08586,168.63874,171.20116,173.76387,176.31962,178.86966,181.41759,183.95992,186.4886,188.99308,191.46901,193.91858,196.34259,198.73927,201.10333
Cayman Islands,0.01708,0.0179,0.01852,0.01909,0.02002,0.02085,0.02144,0.02207,0.0245,0.02507,0.02636,0.02751,0.02868,0.03001,0.0313,0.03249,0.03368,0.03487,0.03606,0.03725,0.03844,0.03962,0.0408,0.04199,0.04316,0.04434,0.04552,0.04669,0.04786,0.04904,0.05021
Chile,11.09372,11.2823,11.48711,11.68662,11.87977,12.0678,12.261,12.46452,12.67869,12.90232,13.12892,13.35367,13.57416,13.78943,14.00122,14.20661,14.40541,14.60109,14.79216,14.97655,15.15574,15.33189,15.50394,15.67191,15.83563,15.99504,16.15084,16.30385,16.45414,16.60171,16.74649
Colombia,26.63129,27.21489,27.82604,28.45499,29.09546,29.74762,30.41039,31.0853,31.77087,32.46085,33.14725,33.83221,34.52032,35.2056,35.88762,36.53183,37.09791,37.61994,38.13259,38.56386,38.91035,39.31245,39.80495,40.35102,40.92215,41.48778,42.04625,42.59732,43.14111,43.67737,44.20529
Costa Rica,2.29912,2.35729,2.42437,2.49435,2.5676,2.64431,2.72338,2.79934,2.87412,2.94989,3.02327,3.09302,3.16836,3.25653,3.3512,3.44474,3.536,3.62532,3.71374,3.80017,3.88258,3.95621,4.02095,4.08382,4.1467,4.20869,4.26977,4.33113,4.39324,4.45505,4.51622
Cuba,9.65298,9.71198,9.78922,9.88126,9.97373,10.06563,10.14438,10.21682,10.30552,10.4079,10.51344,10.61114,10.69191,10.75667,10.81326,10.86545,10.9117,10.95186,10.99853,11.05298,11.10586,11.15582,11.20269,11.24668,11.28785,11.32615,11.36155,11.39404,11.42395,11.45165,11.47746
Dominica,0.07389,0.07352,0.07381,0.07429,0.07399,0.07311,0.07238,0.07182,0.07134,0.07051,0.07001,0.07012,0.07028,0.07042,0.07092,0.07142,0.071,0.07028,0.07004,0.07035,0.07082,0.07121,0.07153,0.07173,0.07193,0.07212,0.07225,0.07238,0.07251,0.07266,0.07281
Dominican Republic,5.69686,5.83171,5.96874,6.10582,6.24155,6.37855,6.51682,6.65696,6.79877,6.94187,7.08362,7.2248,7.36293,7.49428,7.62413,7.75897,7.89898,8.03994,8.18221,8.3252,8.46891,8.61355,8.7569,8.89658,9.03239,9.16447,9.29504,9.42623,9.55818,9.69079,9.82382
Ecuador,7.9205,8.14108,8.36585,8.59349,8.82583,9.06166,9.30108,9.54516,9.79412,10.04822,10.31804,10.42992,10.55381,10.75368,11.01255,11.26561,11.52648,11.79247,12.05063,12.26831,12.44584,12.62912,12.82728,13.07418,13.3684,13.66232,13.91706,14.13496,14.35447,14.5731,14.79061
El Salvador,4.57041,4.51972,4.47992,4.52671,4.59375,4.67105,4.75832,4.85014,4.93899,5.02478,5.10982,5.19624,5.28601,5.33415,5.3952,5.47983,5.56411,5.63681,5.71157,5.78837,5.84982,5.8837,5.90183,5.91985,5.93512,5.95622,5.97089,5.98175,6.00645,6.0306,6.05206
Falkland Islands (Islas Malvinas),0.002,0.002,0.002,0.002,0.002,0.002,0.002,0.002,0.002,0.002,0.002,0.002,0.002,0.002,0.002,0.002,0.002,0.00243,0.0026,0.0028,0.00285,0.0029,0.00293,0.00297,0.00297,0.00297,0.00297,0.00297,0.00314,0.00314,0.00314
French Guiana,0.07,0.07,0.07,0.08,0.08,0.09,0.09,0.1,0.11,0.11,0.12,0.12,0.13,0.13,0.14,0.15,0.15,0.16,0.17,0.17,0.17,0.17756,0.18224,0.18692,0.19131,0.19131,0.19131,0.19131,0.19131,0.19131,0.19131
Grenada,0.09016,0.09235,0.09241,0.09253,0.09274,0.09306,0.09355,0.09406,0.09429,0.0943,0.0942,0.09406,0.09465,0.09576,0.09675,0.09774,0.09865,0.09957,0.10039,0.10099,0.10161,0.10229,0.10284,0.10332,0.10397,0.10459,0.1052,0.10589,0.10656,0.1072,0.10782
Guadeloupe,0.337,0.339,0.341,0.345,0.35,0.354,0.358,0.363,0.367,0.38,0.39,0.4,0.41,0.41,0.42,0.42,0.43,0.43,0.43,0.43,0.43,0.43117,0.43568,0.44019,0.44452,0.44452,0.44452,0.44452,0.44452,0.44452,0.44452
Guatemala,6.64959,6.82868,6.98272,7.18865,7.38034,7.58084,7.82,8.15988,8.49582,8.73058,8.96555,9.21325,9.36708,9.52288,9.77911,10.02782,10.26795,10.49612,10.70814,10.90342,11.08503,11.28435,11.50667,11.72521,11.93999,12.18255,12.45475,12.72811,13.00221,13.27652,13.55044
Guyana,0.75935,0.76193,0.76286,0.76216,0.76207,0.76225,0.76338,0.76496,0.76655,0.7686,0.77153,0.77053,0.7673,0.7669,0.76765,0.76916,0.76889,0.76841,0.7726,0.78005,0.78556,0.78626,0.78273,0.77981,0.77948,0.7765,0.77021,0.76381,0.75806,0.75294,0.74849
Haiti,5.5077,5.62287,5.74042,5.86229,5.98898,6.11992,6.25386,6.38967,6.51878,6.65269,6.79794,6.92983,7.06997,7.23284,7.39969,7.5704,7.74067,7.90968,8.08056,8.24971,8.41289,8.56858,8.72319,8.88367,9.04569,9.20467,9.35756,9.50049,9.63908,9.77797,9.64892
Honduras,3.40247,3.54306,3.67004,3.79614,3.93299,4.07731,4.22692,4.37326,4.51498,4.65602,4.79403,4.93323,5.07988,5.23262,5.38981,5.55079,5.71284,5.87503,6.0391,6.19088,6.3594,6.52698,6.69369,6.86205,7.02944,7.19307,7.35516,7.51621,7.67585,7.8337,7.98942
Jamaica,2.2288,2.25837,2.29831,2.30639,2.31306,2.31818,2.32255,2.32587,2.32943,2.33666,2.34701,2.35772,2.37785,2.40685,2.43644,2.46907,2.50125,2.53118,2.56043,2.58887,2.61563,2.64051,2.66498,2.68915,2.713,2.73651,2.75961,2.78222,2.80433,2.82593,2.84723
Martinique,0.339,0.341,0.343,0.346,0.35,0.353,0.357,0.361,0.365,0.369,0.374,0.378,0.382,0.386,0.39,0.394,0.399,0.403,0.407,0.414,0.416,0.41845,0.42223,0.426,0.426,0.426,0.426,0.426,0.426,0.426,0.426
Montserrat,0.01177,0.01179,0.01166,0.01156,0.01144,0.01132,0.01121,0.01109,0.01097,0.01085,0.01073,0.01061,0.0105,0.01041,0.01034,0.01027,0.00795,0.00595,0.00338,0.00338,0.00395,0.00424,0.00481,0.00449,0.00496,0.00453,0.00463,0.00451,0.00508,0.0051,0.00512
Netherlands Antilles,0.23244,0.23449,0.23757,0.24092,0.24385,0.24443,0.18433,0.18567,0.18669,0.18763,0.18879,0.19014,0.192,0.1945,0.19679,0.19891,0.20124,0.20354,0.20581,0.20802,0.21018,0.21229,0.21434,0.21632,0.21824,0.2201,0.22189,0.22365,0.22537,0.22705,0.22869
Nicaragua,2.80565,2.90173,2.97991,3.04918,3.12177,3.19084,3.26371,3.34537,3.43506,3.53193,3.68513,3.87306,4.01959,4.14231,4.26426,4.38462,4.50076,4.61188,4.71974,4.82722,4.93515,5.04262,5.14998,5.25701,5.36349,5.46918,5.57459,5.68021,5.78585,5.8912,5.99593
Panama,1.95957,1.9989,2.0395,2.08079,2.12346,2.16762,2.21216,2.25674,2.30168,2.3472,2.39344,2.44075,2.48923,2.53836,2.58771,2.63817,2.68979,2.74368,2.79723,2.84779,2.89951,2.95229,3.00342,3.05361,3.10418,3.15503,3.20648,3.25833,3.30968,3.36047,3.41068
Paraguay,3.1716,3.25084,3.33837,3.43192,3.53055,3.63346,3.7399,3.84989,3.96344,4.08056,4.20049,4.32234,4.44589,4.57099,4.69758,4.82556,4.95484,5.08116,5.20018,5.31154,5.41824,5.5234,5.62689,5.72855,5.82816,5.92554,6.02047,6.113,6.2032,6.29088,6.37583
Peru,17.2953,17.7548,18.17252,18.59145,19.01088,19.43193,19.85549,20.28036,20.71066,21.1507,21.59975,22.05702,22.52165,22.99269,23.46919,23.94219,24.40212,24.84715,25.27571,25.68629,26.0867,26.48533,26.88171,27.2752,27.66518,28.05111,28.43259,28.8093,29.1809,29.54696,29.907
Puerto Rico,3.20965,3.23897,3.279,3.31603,3.35004,3.38211,3.4133,3.44447,3.47499,3.5056,3.53691,3.56211,3.58518,3.6155,3.64924,3.6831,3.72466,3.75943,3.7811,3.80008,3.81441,3.83777,3.85827,3.87664,3.89393,3.91072,3.92674,3.94124,3.95455,3.96729,3.9787
Saint Kitts and Nevis,0.04357,0.04348,0.04338,0.04323,0.04309,0.04293,0.04273,0.04248,0.04219,0.04192,0.04166,0.04141,0.04154,0.04206,0.04261,0.04313,0.04358,0.04407,0.04461,0.04513,0.04566,0.04619,0.04669,0.04714,0.04753,0.0479,0.04828,0.04866,0.04906,0.04948,0.0499
Saint Lucia,0.12248,0.124,0.12558,0.12729,0.12912,0.13101,0.13271,0.13418,0.1355,0.1365,0.13756,0.13917,0.14099,0.14279,0.14464,0.1465,0.14817,0.14971,0.15102,0.15211,0.1533,0.1544,0.1553,0.15601,0.15666,0.15737,0.15813,0.15887,0.15959,0.16027,0.16092
Saint Vincent/Grenadines,0.09814,0.0992,0.10048,0.10181,0.10289,0.10385,0.10476,0.1055,0.10614,0.10675,0.10739,0.10796,0.10822,0.10854,0.10869,0.10879,0.10877,0.10861,0.1084,0.10812,0.10786,0.10761,0.10726,0.10688,0.10648,0.10607,0.10569,0.10531,0.10494,0.10457,0.10422
Suriname,0.35408,0.35251,0.36009,0.36762,0.37426,0.38042,0.38489,0.38662,0.38856,0.39255,0.3948,0.39536,0.3965,0.39724,0.39877,0.40283,0.40761,0.41339,0.41993,0.42626,0.43249,0.43851,0.44433,0.44993,0.45532,0.4605,0.46561,0.47078,0.476,0.48127,0.48662
Trinidad and Tobago,1.09051,1.10784,1.12732,1.14815,1.16888,1.18903,1.20833,1.22499,1.23838,1.24816,1.25519,1.26039,1.2635,1.26512,1.26525,1.26432,1.26246,1.26015,1.25764,1.25463,1.25178,1.24905,1.24584,1.24243,1.23933,1.23669,1.23456,1.23281,1.23132,1.22995,1.22869
Turks and Caicos Islands,0.00747,0.00779,0.00815,0.00852,0.00891,0.00932,0.00973,0.01016,0.01061,0.01106,0.01151,0.01208,0.01266,0.01325,0.01384,0.01444,0.01504,0.01565,0.01627,0.01689,0.01751,0.01813,0.01875,0.01936,0.01997,0.02057,0.02117,0.02176,0.02235,0.02294,0.02353
Uruguay,2.93049,2.94813,2.96835,2.98883,3.00827,3.0121,3.03081,3.04899,3.0675,3.0879,3.10954,3.13141,3.1531,3.17479,3.19725,3.21926,3.24212,3.26667,3.28869,3.30831,3.32808,3.34802,3.36782,3.38734,3.40639,3.42489,3.44295,3.46061,3.47778,3.49438,3.51039
Venezuela,14.76789,15.16626,15.62077,16.08442,16.54452,16.99751,17.45016,17.91018,18.37853,18.85072,19.32522,19.79068,20.24606,20.69145,21.12604,21.549,21.96076,22.3618,22.75136,23.12864,23.49275,23.84387,24.19177,24.54543,24.90462,25.26918,25.64146,26.02353,26.41482,26.81484,27.22323
"Virgin Islands,  U.S.",0.09964,0.09985,0.10007,0.10035,0.1006,0.10076,0.10084,0.1009,0.10095,0.10104,0.10396,0.10481,0.10571,0.10658,0.10732,0.10782,0.10809,0.10836,0.10854,0.1086,0.10864,0.10875,0.10892,0.10915,0.10935,0.1096,0.10976,0.10982,0.10983,0.10981,0.10975
"Virgin Islands, British",0.011,0.01142,0.01182,0.01226,0.01273,0.01318,0.01363,0.0141,0.01462,0.01514,0.01569,0.01627,0.01676,0.01722,0.01769,0.01813,0.01858,0.01903,0.01948,0.01993,0.02038,0.02084,0.0213,0.02176,0.02222,0.02268,0.02313,0.02359,0.02404,0.02449,0.02494
Europe,529.50082,532.62947,535.24974,537.6101,539.96611,542.38088,544.93264,547.46078,550.04403,553.34384,556.54704,559.51433,562.1496,564.5766,566.98518,569.20044,571.23256,573.25103,575.25757,577.29902,579.66957,582.3036,585.01784,587.74208,590.55745,593.44305,596.28503,599.16377,601.85194,604.06725,606.00344
Albania,2.67141,2.72427,2.7801,2.83732,2.896,2.9567,3.01544,3.07532,3.13684,3.1958,3.24493,3.18105,3.07201,3.06629,3.11116,3.15815,3.2036,3.22541,3.21277,3.18733,3.15835,3.128,3.09803,3.06967,3.04564,3.02453,3.00578,2.99158,2.98412,2.98254,2.98695
Austria,7.54943,7.56463,7.57461,7.5529,7.55413,7.55978,7.56824,7.5789,7.59979,7.62786,7.72295,7.81842,7.91497,7.9886,8.02754,8.04743,8.06085,8.06988,8.07862,8.09416,8.11341,8.13169,8.14831,8.16266,8.17476,8.18469,8.19288,8.19978,8.20553,8.21028,8.21416
Belgium,9.8468,9.8524,9.8563,9.85552,9.8553,9.8582,9.8618,9.8702,9.884,9.9377,9.96931,10.00449,10.04562,10.08543,10.12291,10.15546,10.17893,10.19979,10.21703,10.23566,10.26362,10.29168,10.31197,10.33082,10.34828,10.36439,10.37907,10.39223,10.40395,10.41434,10.42349
Bulgaria,8.84353,8.86944,8.8921,8.91028,8.92827,8.94357,8.95877,8.97196,8.98203,8.99006,8.89403,8.77237,8.65851,8.44187,8.35334,8.25581,8.16103,8.06606,7.97177,7.89323,7.8185,7.73842,7.6618,7.5884,7.51797,7.45035,7.38537,7.32286,7.26268,7.20469,7.14879
Cyprus,0.63027,0.63805,0.64532,0.6565,0.66797,0.67922,0.69043,0.70162,0.71303,0.72686,0.74506,0.76623,0.78847,0.80976,0.82921,0.84735,0.8643,0.87985,0.89373,0.90688,0.91968,0.93263,0.94681,0.96465,0.98719,1.01074,1.03103,1.04891,1.06682,1.08475,1.10268
Denmark,5.12303,5.12157,5.11781,5.1143,5.11162,5.11369,5.12053,5.12702,5.12952,5.13259,5.14095,5.15435,5.17139,5.18839,5.2056,5.23261,5.26208,5.28366,5.30277,5.32013,5.33742,5.35583,5.37469,5.39414,5.41339,5.43234,5.45066,5.46812,5.48472,5.50051,5.51558
Faroe Islands,0.04345,0.04386,0.04425,0.04457,0.04506,0.04557,0.04605,0.04668,0.04709,0.04728,0.04744,0.04757,0.04778,0.04609,0.0445,0.04354,0.04359,0.04405,0.04456,0.04512,0.04579,0.04659,0.04735,0.04795,0.04829,0.04831,0.04832,0.04849,0.04867,0.04886,0.04906
Finland,4.77954,4.79996,4.82693,4.85579,4.88179,4.90178,4.91739,4.93173,4.94663,4.96244,4.98643,5.01379,5.04104,5.06485,5.08604,5.10465,5.12031,5.13441,5.14698,5.1581,5.1686,5.18031,5.19304,5.20441,5.21451,5.22344,5.23137,5.23846,5.24475,5.25028,5.25507
France,53.98766,54.27995,54.5712,54.78401,55.08925,55.31477,55.5418,55.78574,56.04352,56.58272,56.9051,57.24172,57.56004,57.86641,58.11596,58.36558,58.61602,58.8725,59.13674,59.40602,59.70356,60.0299,60.3632,60.6916,61.04681,61.43496,61.82613,62.22577,62.61158,62.98296,63.33964
Gibraltar,0.02883,0.02927,0.02885,0.02835,0.02823,0.02865,0.02907,0.02953,0.03003,0.03042,0.02911,0.0281,0.02809,0.02722,0.02678,0.02677,0.02678,0.02675,0.02675,0.02676,0.02727,0.02802,0.0282,0.02832,0.02841,0.02846,0.02854,0.02861,0.02871,0.0288,0.02888
Greece,9.64251,9.72935,9.78648,9.84053,9.88717,9.92325,9.95137,9.97449,9.98272,10.03077,10.1296,10.25088,10.32543,10.38299,10.42983,10.45755,10.47942,10.50237,10.52007,10.53675,10.55911,10.58152,10.60386,10.62595,10.64753,10.66835,10.68806,10.70629,10.72282,10.73743,10.74994
Hungary,10.71112,10.71185,10.70554,10.68946,10.6681,10.64871,10.63056,10.61274,10.4425,10.39796,10.37188,10.39781,10.38305,10.33003,10.29655,10.28081,10.2593,10.22955,10.2004,10.17161,10.14743,10.12993,10.11278,10.09199,10.07261,10.05762,10.04627,10.03423,10.02048,10.00717,9.99234
Iceland,0.22816,0.2308,0.234,0.23704,0.2395,0.2414,0.243,0.24468,0.24989,0.25275,0.25472,0.25683,0.25901,0.26127,0.26608,0.26753,0.269,0.27119,0.274,0.27728,0.28104,0.28481,0.28803,0.29106,0.29397,0.29674,0.29939,0.30193,0.30437,0.30669,0.30891
Ireland,3.401,3.4434,3.48,3.504,3.529,3.54,3.5405,3.5399,3.5296,3.5132,3.5082,3.53077,3.55776,3.57835,3.59554,3.61389,3.63618,3.68123,3.72801,3.77486,3.8222,3.8727,3.93313,4.00217,4.09116,4.19919,4.30902,4.41998,4.51771,4.58,4.62292
Italy,56.47271,56.5242,56.55763,56.65244,56.71946,56.7538,56.7566,56.75266,56.75707,56.76072,56.76636,56.77124,56.86492,57.0511,57.20409,57.29941,57.39232,57.5052,57.57648,57.63023,57.74642,57.87254,57.95519,58.02709,58.08669,58.13264,58.16346,58.17808,58.17607,58.15733,58.12216
Luxembourg,0.3644,0.3654,0.36572,0.36589,0.36627,0.36717,0.36902,0.37166,0.37562,0.37762,0.38297,0.38715,0.39255,0.39808,0.40376,0.4097,0.41557,0.42101,0.4265,0.43253,0.43878,0.44478,0.45079,0.45676,0.46269,0.46857,0.47441,0.48022,0.48601,0.49178,0.49754
Malta,0.364,0.36365,0.36022,0.35577,0.35138,0.34704,0.34663,0.34905,0.35195,0.35532,0.35911,0.36258,0.3659,0.37001,0.37361,0.37689,0.37996,0.38295,0.38561,0.3878,0.38995,0.39187,0.39352,0.39518,0.39685,0.39853,0.40021,0.40188,0.40353,0.40517,0.40677
Netherlands,14.1439,14.24605,14.3104,14.36238,14.42002,14.49138,14.57188,14.66528,14.76134,14.84891,14.95151,15.06622,15.17424,15.27494,15.3822,15.45905,15.52781,15.60446,15.69926,15.80195,15.90785,16.01744,16.12283,16.22325,16.3182,16.40749,16.49146,16.57061,16.64531,16.716,16.78309
Norway,4.08562,4.0997,4.11479,4.12843,4.14009,4.15242,4.1666,4.18615,4.20873,4.22614,4.24201,4.26173,4.28636,4.31196,4.33664,4.3591,4.38128,4.40567,4.43272,4.46338,4.4924,4.5152,4.53559,4.5554,4.57456,4.59304,4.61082,4.62793,4.64446,4.66054,4.67631
Poland,35.57802,35.90196,36.22738,36.57142,36.90413,37.22579,37.50428,37.74071,37.86684,37.97016,38.11941,38.25322,38.3707,38.46775,38.5483,38.60064,38.62984,38.65496,38.66876,38.66554,38.65416,38.64364,38.62598,38.60285,38.58044,38.55798,38.53687,38.51824,38.5007,38.48292,38.46369
Portugal,9.7778,9.85008,9.85965,9.87224,9.88539,9.89719,9.90741,9.91529,9.92061,9.92315,9.92269,9.91901,9.92768,9.96783,10.02769,10.06554,10.09992,10.15642,10.22483,10.28338,10.3356,10.38675,10.43387,10.47996,10.52415,10.56621,10.60587,10.64284,10.67691,10.70792,10.73577
Romania,22.13004,22.25655,22.35673,22.40728,22.45379,22.5212,22.59968,22.68637,22.7689,22.85212,22.86595,22.82556,22.79703,22.76576,22.73302,22.68741,22.62247,22.55774,22.51138,22.47629,22.44735,22.4155,22.36575,22.30468,22.24763,22.19716,22.15048,22.10615,22.06081,22.01182,21.95928
Spain,37.48836,37.7508,37.98331,38.18417,38.36286,38.53485,38.70756,38.8807,39.05388,39.21452,39.35077,39.46142,39.55243,39.6377,39.70788,39.76471,39.82056,39.90724,40.0461,40.25144,40.589,41.04689,41.63961,42.32103,43.00016,43.70437,44.43175,45.21164,45.91037,46.29524,46.50596
Sweden,8.31047,8.32049,8.32526,8.32903,8.34262,8.35634,8.38407,8.4214,8.46934,8.52628,8.60082,8.66811,8.71887,8.76928,8.83149,8.87789,8.89223,8.89762,8.90268,8.90979,8.92357,8.93991,8.95417,8.97031,8.9864,9.00177,9.0166,9.03109,9.04539,9.05965,9.07406
Switzerland,6.4103,6.45112,6.49438,6.52752,6.55628,6.59065,6.63043,6.67749,6.73194,6.79173,6.86542,6.94985,7.02515,7.08838,7.14508,7.18796,7.21214,7.22506,7.23953,7.26468,7.29913,7.34377,7.3946,7.44147,7.48431,7.5231,7.55793,7.58892,7.61604,7.63923,7.65844
Turkey,45.04797,46.25323,47.46418,48.66062,49.83974,50.99701,52.12734,53.24267,54.35553,55.46248,56.56068,57.65023,58.73117,59.80053,60.86709,61.94015,63.0178,64.09769,65.17718,66.254,67.3293,68.4049,69.47904,70.54864,71.61354,72.67381,73.72612,74.76784,75.79384,76.80552,77.80412
United Kingdom,56.51888,56.58903,56.53848,56.57376,56.64573,56.79629,56.96793,57.14729,57.31941,57.47839,57.6413,57.80509,57.96863,58.08795,58.24043,58.42269,58.58181,58.73261,58.92063,59.15164,59.38361,59.61997,59.84827,60.0718,60.37665,60.73887,61.10066,61.50589,61.90184,62.25857,62.61254
Eurasia,265.92182,268.11401,270.37541,272.79689,275.30423,277.78052,280.2583,282.67508,284.97091,286.40742,288.36232,289.94844,290.94832,291.21018,291.05061,290.85266,290.62283,290.27955,289.91891,289.39641,288.71912,287.98099,287.1886,286.4099,285.7158,285.13088,284.59973,284.11939,283.68562,283.28968,282.92477
Middle East,93.78699,97.61915,101.52251,105.53011,109.62352,113.89203,118.1603,122.16299,126.3694,130.54699,135.1109,137.61894,142.57975,146.00671,148.9879,152.34103,155.84253,162.21659,165.85793,169.46952,173.09215,176.80343,180.37562,183.75095,187.25346,190.98173,195.2996,200.13219,204.5201,208.44134,212.33692
Bahrain,0.34757,0.36343,0.37796,0.39303,0.4083,0.42399,0.43962,0.45471,0.4696,0.48494,0.50065,0.51543,0.52971,0.54425,0.55868,0.57295,0.58639,0.59893,0.61118,0.62308,0.63462,0.64589,0.65697,0.66785,0.67855,0.68905,0.69934,0.70938,0.71917,0.72871,0.738
Iran,39.70873,41.45082,43.21824,44.98932,46.79208,48.61894,50.46435,52.34019,54.17826,55.92667,58.1001,60.49643,62.31008,63.09966,63.46037,64.21727,65.11578,66.04188,66.95374,67.80393,68.63155,69.53153,70.28374,70.81183,71.4395,72.28271,73.1844,74.09327,75.02536,75.96761,76.9233
Iraq,13.23284,13.7031,14.17332,14.65222,15.16055,15.69362,16.24734,16.54319,17.04056,17.57254,18.13996,17.47737,17.86828,18.41148,18.97609,19.56361,20.16797,20.78125,21.40271,22.0356,22.67908,23.33473,24.00405,24.68518,25.37625,26.07609,26.78418,27.50016,28.22144,28.94557,29.67161
Israel,3.73747,3.80134,3.85842,3.92689,3.99734,4.06847,4.13968,4.21038,4.28204,4.35535,4.47781,4.64934,4.82246,4.99777,5.17486,5.3529,5.51452,5.66009,5.80873,5.96029,6.11457,6.25134,6.36954,6.49192,6.61773,6.74292,6.86688,6.99006,7.11236,7.2337,7.35399
Jordan,2.16278,2.25377,2.34764,2.44068,2.53438,2.63036,2.7275,2.8239,2.92078,3.0235,3.26656,3.63483,3.87091,3.98707,4.08473,4.17643,4.28166,4.38525,4.48522,4.58483,4.68762,4.79335,4.90206,5.01378,5.12826,5.2454,5.61722,5.99719,6.13263,6.26929,6.40709
Kuwait,1.36977,1.43219,1.49749,1.56582,1.63731,1.73282,1.81154,1.89154,1.9732,2.05683,2.14206,0.95422,1.41829,1.48398,1.55165,1.62105,1.69316,1.76564,1.83621,1.90567,1.97408,2.04256,2.11225,2.18395,2.25843,2.33662,2.41946,2.50672,2.59806,2.69253,2.78913
Lebanon,2.8987,2.9517,3.0056,3.06024,3.11544,3.17096,3.22558,3.27798,3.32778,3.37448,3.44018,3.50613,3.54803,3.58539,3.62071,3.6539,3.68504,3.71429,3.74182,3.76753,3.7915,3.81411,3.83546,3.85548,3.87449,3.89239,3.8511,3.89556,4.03802,4.09932,4.12525
Oman,1.18548,1.24951,1.3136,1.37675,1.43812,1.49723,1.55439,1.61167,1.67076,1.73179,1.79438,1.86607,1.93949,2.01457,2.07679,2.13857,2.19966,2.25973,2.31861,2.37618,2.43238,2.4873,2.54108,2.59379,2.64561,2.69689,2.7482,2.80028,2.85388,2.90963,2.96772
Qatar,0.2369,0.24928,0.25961,0.29241,0.32447,0.35603,0.38726,0.39695,0.41346,0.43016,0.44613,0.46112,0.47581,0.49104,0.50626,0.52121,0.53602,0.55086,0.57056,0.59711,0.62696,0.65885,0.69173,0.72512,0.75882,0.78567,0.80258,0.8149,0.82479,0.83329,0.84093
Saudi Arabia,10.02152,10.65493,11.28881,11.95226,12.60694,13.33007,13.9983,14.61975,15.23313,15.82936,16.06076,16.30577,17.06075,17.63636,18.20242,18.75504,19.29336,19.81838,20.32909,20.82455,21.3119,21.79609,22.27404,22.74289,23.20004,23.64221,24.0732,24.49852,24.91741,25.32887,25.73178
Syria,8.75241,9.04923,9.38665,9.73512,10.09494,10.46614,10.84857,11.24297,11.64601,12.05294,12.5,12.93313,13.31165,13.68518,14.06143,14.44857,14.8437,15.24445,15.64985,16.05894,16.47124,16.88507,17.29982,17.71535,18.13682,18.56267,19.32269,20.48772,21.32486,21.76298,22.19811
United Arab Emirates,1.00029,1.06972,1.13755,1.2091,1.28439,1.36348,1.44657,1.53044,1.62275,1.72206,1.82625,1.93669,2.05629,2.1842,2.31918,2.45798,2.59958,2.74633,2.8985,3.05608,3.2193,3.38733,3.5581,3.7317,3.90795,4.0866,4.26591,4.44401,4.6214,4.79849,4.97559
Yemen,9.13255,9.39014,9.65762,9.93626,10.22927,10.53993,10.86958,11.21934,11.59107,11.98639,12.41608,12.88242,13.368,13.88576,14.39475,14.86156,15.32572,15.81571,16.3272,16.85909,17.40726,17.97054,18.5462,19.13411,19.73383,20.34467,20.96452,21.59104,22.22285,22.85824,23.49536
Africa,478.96479,493.63386,508.69882,523.66026,538.6777,553.7385,569.05927,584.06285,599.18529,614.7485,630.91638,647.76698,664.43368,680.91751,696.76671,713.37126,730.48755,747.90581,765.93193,784.59937,803.61288,823.10298,843.06171,863.1923,883.59024,904.41715,925.68403,947.55885,969.97221,992.58225,1015.47842
Algeria,18.80606,19.40704,20.03375,20.68098,21.34055,22.00845,22.64254,23.25496,23.88077,24.49631,25.08903,25.68708,26.29845,26.91644,27.52148,28.08915,28.60404,29.08356,29.53558,29.97982,30.42923,30.87431,31.31248,31.7409,32.15767,32.56074,32.95925,33.36274,33.76967,34.17819,34.58618
Angola,6.74308,6.87957,7.01853,7.24054,7.44245,7.58471,7.74863,7.8784,8.02339,8.15384,8.29661,8.49681,8.74184,8.96626,9.17228,9.41912,9.65061,9.85558,10.03917,10.21544,10.37727,10.53839,10.76051,11.05709,11.39113,11.70695,11.99281,12.2636,12.53136,12.79929,13.06816
Benin,3.45806,3.56485,3.67513,3.78904,3.90705,4.03048,4.15785,4.28791,4.42211,4.56116,4.70544,4.85506,5.01014,5.25036,5.48815,5.64683,5.82023,6.00623,6.20232,6.40677,6.61912,6.83901,7.06449,7.29371,7.52683,7.77771,8.03171,8.27816,8.53255,8.79183,9.05601
Botswana,0.90048,0.93444,0.97065,1.00702,1.0434,1.07969,1.11576,1.15201,1.18894,1.22652,1.26461,1.3031,1.34473,1.38935,1.43369,1.47759,1.52091,1.56319,1.60401,1.64294,1.67968,1.71401,1.74618,1.77709,1.80783,1.84012,1.87578,1.91342,1.95205,1.99088,2.02931
Burkina Faso,6.31819,6.47437,6.63723,6.80728,6.98504,7.17093,7.3711,7.59181,7.83349,8.09154,8.36104,8.64225,8.93497,9.2377,9.57065,9.90278,10.22018,10.54257,10.87271,11.22531,11.58775,12.03936,12.58496,13.06539,13.47809,13.90389,14.34353,14.79717,15.26474,15.74623,16.24181
Burundi,4.29821,4.47776,4.58491,4.7052,4.81683,4.92176,5.01886,5.14452,5.27884,5.40437,5.53564,5.67438,5.85649,5.68543,5.74968,6.16495,6.20373,6.24364,6.41743,6.63114,6.8227,7.04302,7.28679,7.55265,7.85873,8.16194,8.46451,8.78294,9.13931,9.51133,9.86312
Cameroon,8.76249,9.04792,9.28255,9.56272,9.86713,10.19137,10.53015,10.8671,11.20098,11.54012,11.8845,12.2303,12.57475,12.92047,13.26417,13.60316,13.94474,14.29013,14.63798,14.9885,15.34304,15.70686,16.09444,16.48901,16.87275,17.26147,17.65786,18.06038,18.46769,18.8793,19.29415
Cape Verde,0.29645,0.3002,0.30409,0.3082,0.31249,0.31689,0.32134,0.32587,0.3305,0.33517,0.33976,0.34683,0.35649,0.36624,0.37592,0.38543,0.3948,0.404,0.41297,0.42168,0.43013,0.43845,0.4467,0.45483,0.4628,0.4706,0.47831,0.48599,0.49362,0.50118,0.50866
Central African Republic,2.34878,2.41277,2.47757,2.54328,2.62927,2.71415,2.77536,2.84088,2.91718,2.99987,3.08497,3.17449,3.26652,3.36703,3.46585,3.54441,3.62161,3.70738,3.79796,3.88922,3.97986,4.05393,4.12842,4.21492,4.28875,4.36304,4.44895,4.54373,4.64132,4.74192,4.84493
Chad,4.52239,4.51494,4.73288,4.97116,5.02517,5.06604,5.2142,5.39152,5.55634,5.71491,5.84141,6.02822,6.26327,6.3791,6.49669,6.76969,7.051,7.26171,7.47932,7.70874,7.94268,8.17941,8.43619,8.74574,9.09766,9.40066,9.64896,9.88566,10.11134,10.32921,10.54346
Comoros,0.33351,0.34088,0.34882,0.3572,0.36603,0.3753,0.38505,0.39528,0.40603,0.41731,0.42914,0.44154,0.45453,0.4681,0.48226,0.49701,0.51232,0.52812,0.54444,0.56126,0.57863,0.59646,0.61467,0.63327,0.65226,0.67164,0.69137,0.71142,0.73178,0.75244,0.77341
Congo (Brazzaville),1.67429,1.72374,1.77516,1.82856,1.88398,1.94177,2.00214,2.06497,2.13006,2.19717,2.266,2.3374,2.4104,2.48894,2.57029,2.65,2.73125,2.80247,2.88,2.97232,3.10394,3.23999,3.33042,3.41425,3.50374,3.604,3.70406,3.80233,3.90501,4.01281,4.12592
Congo (Kinshasa),29.01255,29.80802,30.64884,31.44687,32.34098,33.34422,34.37623,35.48216,36.62816,37.80413,39.04746,40.36625,41.6454,43.02695,44.48648,46.29859,47.19667,47.73982,48.75971,50.28355,51.84855,53.49657,55.20041,56.88554,58.62998,60.47351,62.37591,64.3902,66.51451,68.69254,70.91644
Cote dIvoire (IvoryCoast),8.59326,8.92247,9.25983,9.60646,9.96343,10.33168,10.71206,11.10527,11.51174,11.93065,12.49088,13.03952,13.42214,13.86057,14.37992,14.8458,15.28145,15.68623,16.04536,16.45688,16.88458,17.31097,17.68765,18.068,18.50438,18.9205,19.3268,19.74695,20.1796,20.61707,21.0588
Djibouti,0.32687,0.34483,0.35616,0.37012,0.37461,0.38222,0.39651,0.40946,0.41715,0.44245,0.49919,0.55198,0.54709,0.53443,0.54689,0.55303,0.56843,0.59249,0.62088,0.64626,0.66942,0.69299,0.71635,0.69078,0.65741,0.6664,0.67914,0.69438,0.7092,0.72462,0.74053
Egypt,42.63422,44.1961,45.68181,47.09303,48.55016,50.05238,51.59343,52.3751,53.16221,53.94841,54.90738,55.86165,56.62499,57.3843,58.15695,58.94503,59.75782,61.07191,62.41172,63.77347,65.15855,66.57408,68.02312,69.50186,71.00947,72.54351,74.10059,75.67654,77.26669,78.86664,80.47187
Equatorial Guinea,0.25601,0.27178,0.28548,0.29958,0.31464,0.32519,0.33365,0.34247,0.35165,0.36119,0.3711,0.38138,0.39202,0.40304,0.41444,0.42623,0.43842,0.45103,0.46406,0.47754,0.49148,0.50592,0.52076,0.53593,0.55142,0.56723,0.58335,0.59976,0.61646,0.63344,0.6507
Ethiopia,38.6052,40.35937,42.18999,43.4599,44.5123,45.16862,45.98822,47.22622,48.67474,50.12821,51.53533,53.20516,54.76061,56.03139,54.03425,55.54997,57.19265,58.80542,60.4839,62.2794,64.16496,66.12258,68.18727,70.36607,72.63721,74.98029,77.4114,79.9358,82.54484,85.23734,88.01349
Gabon,0.71383,0.73084,0.75424,0.77902,0.80526,0.83304,0.85945,0.88092,0.89974,0.91884,0.93808,0.96043,0.98637,1.01316,1.04081,1.06907,1.09771,1.12694,1.15717,1.19565,1.23643,1.26915,1.30042,1.33262,1.36441,1.39569,1.42639,1.45645,1.48583,1.51499,1.54526
"Gambia, The",0.67052,0.69266,0.71552,0.73914,0.764,0.79055,0.81876,0.8487,0.88042,0.91399,0.94943,0.98663,1.02546,1.06595,1.10758,1.1498,1.19258,1.23585,1.27957,1.3237,1.36822,1.41305,1.45811,1.5034,1.54888,1.59451,1.64029,1.68614,1.73208,1.77808,1.82416
Ghana,11.01119,11.17096,11.39415,12.15058,12.83231,13.22862,13.78192,14.17388,14.57413,14.98276,15.40774,15.84823,16.29285,16.80537,17.30185,17.70406,18.08539,18.47351,18.88771,19.3145,19.75162,20.19629,20.66146,21.1372,21.60098,22.06238,22.52438,22.9807,23.43457,23.88781,24.33984
Guinea,4.44737,4.54036,4.63601,4.7344,4.95358,5.22674,5.39433,5.52841,5.66683,5.80969,6.11845,6.55247,6.80052,6.98911,7.20949,7.4457,7.70157,7.79106,7.90661,8.1544,8.35041,8.41692,8.5203,8.75554,8.97198,9.15373,9.34573,9.56922,9.80651,10.05798,10.32403
Guinea-Bissau,0.7889,0.80706,0.82577,0.84501,0.86478,0.88506,0.90593,0.92741,0.94954,0.97239,0.99599,1.02022,1.051,1.08446,1.11651,1.14333,1.16626,1.19411,1.22224,1.25041,1.27886,1.30645,1.33312,1.35992,1.38693,1.41416,1.44275,1.47278,1.50318,1.53396,1.56513
Kenya,16.33054,16.98722,17.65997,18.34799,19.05021,19.76149,20.47712,21.19578,21.91587,22.63477,23.35448,24.12143,25.01897,25.81755,26.45452,27.12391,27.79029,28.45861,29.12289,29.7955,30.50798,31.2987,32.15532,33.04178,33.96709,34.91178,35.89065,36.91372,37.95384,39.00277,40.04657
Lesotho,1.35857,1.39518,1.43282,1.47148,1.51111,1.55164,1.5866,1.61569,1.64484,1.67402,1.70326,1.7325,1.76171,1.79079,1.8195,1.84757,1.86905,1.88354,1.8966,1.90767,1.91632,1.92234,1.92564,1.92635,1.9249,1.92212,1.9192,1.91686,1.91547,1.91613,1.91955
Liberia,1.8571,1.913,1.97148,2.03237,2.09577,2.16175,2.23038,2.30176,2.37595,2.45297,2.13859,1.81471,1.89388,1.95263,1.91753,1.90028,1.93223,2.09745,2.34951,2.49539,2.60067,2.67979,2.75304,2.76968,2.79594,2.93008,3.10761,3.26994,3.44037,3.58339,3.68508
Libya,3.06862,3.20768,3.34789,3.48858,3.62917,3.68003,3.70454,3.80514,3.91898,4.03295,4.14639,4.25939,4.372,4.48362,4.59332,4.66286,4.69528,4.76892,4.8841,5.00314,5.12544,5.25089,5.37924,5.51013,5.64308,5.77753,5.91323,6.0499,6.18704,6.32436,6.46145
Madagascar,8.69125,8.93876,9.19587,9.46302,9.74054,10.02863,10.32739,10.63688,10.95734,11.28916,11.63287,11.98871,12.35668,12.73661,13.12841,13.53236,13.94848,14.3766,14.81658,15.27126,15.74194,16.22682,16.72589,17.23952,17.76815,18.31216,18.87216,19.44882,20.04255,20.65356,21.28184
Malawi,6.25893,6.45967,6.66854,6.88393,7.10435,7.33001,7.60855,8.05274,8.58662,9.09083,9.546,9.93081,10.3096,10.49511,10.32045,10.26405,10.52681,10.83884,11.15534,11.47685,11.80151,12.12867,12.46009,12.7968,13.14014,13.49211,13.85568,14.23279,14.62368,15.02876,15.4475
Mali,6.82161,6.95002,7.08238,7.21901,7.36021,7.5062,7.65726,7.81357,7.97719,8.15635,8.32711,8.51187,8.7424,8.95321,9.17522,9.33602,9.5158,9.78384,10.04609,10.33565,10.62082,10.91763,11.21969,11.5228,11.82733,12.13382,12.44653,12.76879,13.10081,13.44323,13.79635
Mauritania,1.54491,1.57765,1.61189,1.64759,1.68477,1.72347,1.76368,1.80539,1.8485,1.88583,1.92498,1.97343,2.04282,2.11924,2.18334,2.23479,2.27068,2.31522,2.3741,2.43691,2.50087,2.56579,2.63185,2.69924,2.76795,2.83794,2.9091,2.98145,3.05493,3.12949,3.20506
Mauritius,0.9637,0.97905,0.99204,1.00218,1.01204,1.02054,1.02823,1.03627,1.04494,1.0534,1.0616,1.07172,1.08481,1.09864,1.1113,1.12312,1.13534,1.14835,1.16066,1.17313,1.18593,1.19788,1.20959,1.221,1.23206,1.24282,1.25343,1.2639,1.27419,1.28426,1.2941
Morocco,19.48727,19.84622,20.19873,20.6794,21.16079,21.64379,22.12744,22.61059,23.08648,23.5498,23.99997,24.43372,24.86108,25.29264,25.72317,26.1476,26.56357,26.96872,27.36105,27.74199,28.11304,28.47748,28.8389,29.19706,29.55151,29.90096,30.24777,30.59445,30.94046,31.28517,31.62743
Mozambique,12.10262,12.36323,12.58733,12.77284,12.92282,13.0626,13.14302,12.89485,12.52301,12.4821,12.66657,12.9348,13.18,13.69137,14.78146,15.76475,16.29834,16.75966,17.22003,17.67673,18.12456,18.55916,18.97917,19.38308,19.77284,20.15401,20.53002,20.90558,21.2847,21.66928,22.06145
Niger,6.09347,6.239,6.38918,6.54413,6.70405,6.86921,7.03981,7.21596,7.39913,7.60756,7.84173,8.08532,8.33919,8.60931,8.89259,9.19933,9.52474,9.8513,10.19566,10.56322,10.95143,11.36215,11.79208,12.23931,12.70466,13.18887,13.69295,14.21471,14.75208,15.30625,15.87827
Nigeria,74.82127,77.14958,79.51098,81.16374,82.72429,84.88938,87.09224,89.40502,91.76042,94.15965,96.60376,99.0925,101.62507,104.19968,106.81404,109.46508,112.14902,114.86204,117.59957,120.3692,123.17882,126.01433,128.86432,131.72752,134.60451,137.49506,140.39777,143.3121,146.25531,149.22909,152.21734
Reunion,0.51,0.51,0.52,0.53,0.54,0.55,0.56,0.57,0.57,0.59,0.6,0.607,0.62,0.63,0.64,0.65,0.66,0.67,0.68,0.7,0.72,0.73257,0.74387,0.75517,0.76615,0.76615,0.76615,0.76615,0.76615,0.76615,0.76615
Rwanda,5.13984,5.30899,5.48328,5.66317,5.83374,5.98659,6.16171,6.3728,6.59722,6.81686,6.99932,7.14374,7.29857,7.59668,6.50553,5.47298,6.54646,7.64742,8.04184,8.22235,8.39841,8.61098,8.85737,9.09847,9.36125,9.61107,9.85722,10.14108,10.44077,10.74631,11.05598
Saint Helena,0.00647,0.00658,0.00664,0.00675,0.00749,0.00794,0.00831,0.00654,0.00659,0.00663,0.00668,0.00673,0.00678,0.00684,0.00689,0.00695,0.007,0.00706,0.00712,0.00718,0.00723,0.00728,0.00734,0.00739,0.00743,0.00748,0.00752,0.00756,0.0076,0.00764,0.00767
Sao Tome and Principe,0.09407,0.09644,0.09824,0.10013,0.10212,0.10419,0.10635,0.1086,0.11094,0.11338,0.11593,0.1186,0.12091,0.12285,0.12492,0.12714,0.12953,0.13209,0.1348,0.13767,0.14069,0.14385,0.14713,0.15051,0.15397,0.15751,0.16111,0.16475,0.16842,0.1721,0.17581
Senegal,5.61133,5.75446,5.90285,6.05554,6.2137,6.37841,6.54979,6.72784,6.91257,7.12729,7.34761,7.55397,7.75925,7.961,8.16615,8.37806,8.59491,8.80985,9.03714,9.25282,9.46928,9.7162,9.97244,10.24014,10.51912,10.80412,11.09611,11.3943,11.69834,12.00807,12.32325
Seychelles,0.06395,0.0647,0.06528,0.06585,0.0665,0.06718,0.06784,0.06846,0.0692,0.07001,0.0708,0.07165,0.0725,0.07332,0.07413,0.07493,0.07571,0.07641,0.07717,0.07814,0.07916,0.08017,0.08113,0.08205,0.08297,0.08389,0.0848,0.0857,0.0866,0.08748,0.08834
Sierra Leone,3.33503,3.40215,3.47225,3.54564,3.62254,3.70309,3.78739,3.87558,3.96778,4.06415,4.2282,4.3349,4.24628,4.09967,3.97796,3.88144,3.8105,3.76521,3.74573,3.73557,3.80906,4.04341,4.28683,4.46568,4.6022,4.70805,4.81762,4.91833,5.023,5.13214,5.2457
Somalia,5.79356,5.8288,5.8345,6.01035,6.21774,6.45854,6.71493,6.93908,6.91829,6.76633,6.69204,6.46448,6.11621,6.10102,6.26444,6.40072,6.57426,6.75108,6.9652,7.17102,7.38572,7.62677,7.89678,8.17424,8.45947,8.75245,9.03018,9.29161,9.55867,9.83202,10.11245
South Africa,30.30961,31.24317,32.2392,33.27827,34.35109,35.45826,36.34173,37.22598,38.12772,39.04797,38.47627,39.29952,40.09107,40.94061,41.66156,42.22792,42.79396,43.35363,43.96192,44.52627,45.0641,45.57622,46.07695,46.56663,47.03287,47.48345,47.92567,48.36713,48.78276,49.05249,49.10911
Sudan,19.48245,20.19661,20.94364,21.69704,22.40189,23.14525,23.78422,24.2799,24.67247,25.19269,25.8881,26.76895,27.66838,28.39476,29.16041,29.95296,30.63013,31.4161,32.36192,33.22446,34.1093,35.02449,35.9266,36.70783,37.44223,38.36308,39.3964,40.52607,41.68078,42.81128,43.9396
Swaziland,0.61146,0.63131,0.64981,0.67241,0.69634,0.72157,0.74942,0.77759,0.81499,0.8493,0.8816,0.92247,0.95902,0.98872,0.99492,1.00364,1.03245,1.06106,1.0894,1.11714,1.14393,1.16952,1.19371,1.21644,1.23795,1.25898,1.2798,1.29991,1.3191,1.33719,1.35405
Tanzania,18.66506,19.212,19.77679,20.36842,20.98409,21.61843,22.28417,23.01672,23.76376,24.48489,25.21428,25.97254,26.76747,27.69659,28.79766,29.7529,30.39214,31.09265,31.95096,32.80803,33.71212,34.56725,35.3831,36.19879,36.98997,37.77057,38.56853,39.38422,40.21316,41.04853,41.8929
Togo,2.62551,2.71957,2.8166,2.9175,3.02179,3.12943,3.24072,3.35592,3.47514,3.59714,3.72079,3.84605,3.97281,3.95258,3.98199,4.20291,4.40207,4.57245,4.71517,4.85245,4.99183,5.13457,5.27793,5.42496,5.57821,5.71452,5.8654,6.04238,6.22035,6.40501,6.58724
Tunisia,6.44318,6.60571,6.7341,6.85989,7.18453,7.3637,7.54708,7.72802,7.89856,8.05669,8.21101,8.36852,8.52679,8.68412,8.8354,8.97627,9.10886,9.23529,9.35274,9.46255,9.56755,9.67117,9.77448,9.87718,9.97893,10.07938,10.17973,10.28121,10.38358,10.48634,10.58903
Uganda,12.41472,12.72525,13.07893,13.47039,13.91951,14.39174,14.91072,15.52009,16.17642,16.83238,17.45576,18.08214,18.72945,19.42438,20.12759,20.68952,21.24872,21.86101,22.50214,23.22767,23.95582,24.69,25.46958,26.32196,27.23366,28.19939,29.2065,30.26261,31.36797,32.36956,33.39868
Western Sahara,0.12404,0.13909,0.15455,0.16568,0.1724,0.17933,0.18648,0.19385,0.20143,0.20926,0.21737,0.22575,0.2344,0.2433,0.25244,0.26387,0.27767,0.29184,0.30635,0.32118,0.3363,0.35169,0.36739,0.3834,0.39974,0.4154,0.43032,0.4454,0.46063,0.47601,0.49152
Zambia,5.64278,5.83063,6.0475,6.28337,6.50548,6.71579,6.95192,7.19455,7.41797,7.63494,7.85755,8.0883,8.32181,8.55505,8.78912,9.02068,9.25485,9.51552,9.78077,10.05002,10.34517,10.6461,10.91696,11.17251,11.4337,11.71036,12.01326,12.34108,12.69423,13.06068,13.46031
Zimbabwe,7.16997,7.42922,7.63652,7.92834,8.24121,8.56049,8.87678,9.21648,9.56005,9.8682,10.15604,10.43742,10.72025,10.97637,11.08648,11.15949,11.31695,11.46939,11.60692,11.73308,11.82003,11.86786,11.86602,11.81552,11.73505,11.63947,11.54433,11.44319,11.35011,11.39263,11.65186
Asia & Oceania,2469.81743,2518.13689,2563.52187,2610.10261,2655.88059,2702.75408,2751.06581,2802.31491,2853.88173,2904.74454,2954.74639,3002.08385,3049.4639,3097.01107,3144.70448,3191.91196,3238.06006,3282.33448,3325.29036,3367.43739,3408.81144,3450.06017,3490.97008,3531.28903,3570.71937,3609.62956,3648.16942,3686.3589,3724.32335,3762.16099,3799.67028
Afghanistan,15.0436,13.67368,12.57743,12.43058,12.75384,13.09371,13.08496,12.99949,13.09382,13.40714,13.44937,13.52717,14.8552,16.81974,18.28771,19.22594,19.86465,20.49022,21.13212,21.82157,22.02095,22.0222,23.05074,24.38858,25.00134,25.53805,26.23521,26.91153,27.65889,28.39572,29.12129
American Samoa,0.03242,0.0336,0.03471,0.03584,0.03709,0.03863,0.04016,0.04188,0.04362,0.04538,0.0472,0.04857,0.04995,0.05138,0.05273,0.05391,0.05496,0.05597,0.05693,0.05785,0.05777,0.05874,0.05964,0.0605,0.06146,0.0624,0.06322,0.06403,0.06483,0.06563,0.06643
Australia,14.6159,14.92326,15.16178,15.34807,15.51048,15.69524,15.90042,16.13672,16.40073,16.6806,16.95624,17.20212,17.41893,17.6078,17.78109,17.97563,18.19585,18.41526,18.62084,18.83025,19.05319,19.29426,19.53494,19.76654,19.99508,20.23235,20.48947,20.74963,21.00731,21.26264,21.51575
Bangladesh,87.93733,94.14314,96.18533,98.23486,100.27995,102.30835,104.34543,106.38194,108.37452,110.31623,112.21257,113.91068,115.75094,117.62067,119.51509,121.44231,123.43252,125.50582,127.66013,129.87906,132.15077,134.47753,136.86984,139.30503,141.7344,144.13874,146.51711,148.89374,151.28999,153.70033,156.11846
Bhutan,0.44604,0.46195,0.47824,0.49489,0.51189,0.5292,0.54681,0.56472,0.58289,0.59961,0.61474,0.62504,0.60166,0.57669,0.57472,0.56631,0.56533,0.57484,0.58527,0.59563,0.60587,0.61598,0.62594,0.63576,0.64541,0.6549,0.66421,0.67335,0.68232,0.69114,0.69985
Brunei,0.18522,0.19283,0.19886,0.20495,0.21122,0.21784,0.22473,0.23182,0.23888,0.24585,0.25289,0.25925,0.26576,0.27311,0.2805,0.28799,0.29557,0.30311,0.31053,0.3179,0.3253,0.33265,0.33999,0.34726,0.35431,0.36111,0.36782,0.37458,0.38137,0.38819,0.39503
Burma (Myanmar),33.33642,33.98181,34.64219,35.32599,36.03536,36.76587,37.51768,38.28766,39.02532,39.73446,40.46361,41.18056,41.79115,42.43742,43.21759,43.99398,44.72671,45.42617,46.11082,46.78168,47.43887,48.08106,48.71575,49.34468,49.9622,50.57209,51.16167,51.75584,52.22815,52.82612,53.41437
Cambodia,6.88852,7.0792,7.29713,7.53065,7.69058,7.84124,8.10142,8.40395,8.71641,9.03814,9.36752,9.70681,10.14276,10.62423,10.97424,11.23414,11.48458,11.72171,11.94447,12.15466,12.35115,12.53961,12.7292,12.92071,13.10994,13.2974,13.49871,13.71869,13.95701,14.20623,14.45368
China,984.73646,997.00072,1012.49049,1028.35653,1042.75605,1058.00772,1074.52256,1093.72571,1112.86641,1130.72941,1148.36447,1163.61039,1177.53561,1190.76183,1203.80174,1216.37844,1227.88219,1238.12566,1247.50222,1255.9925,1263.63753,1270.74423,1277.59472,1284.30332,1291.0018,1297.76532,1304.26188,1310.58354,1317.06568,1323.59158,1330.14129
Cook Islands,0.01801,0.01765,0.01744,0.01749,0.01774,0.01749,0.01765,0.01767,0.01791,0.01815,0.01839,0.01864,0.01858,0.01851,0.01842,0.01831,0.01818,0.01787,0.01738,0.01686,0.01631,0.01573,0.01515,0.0146,0.01409,0.0136,0.01313,0.01269,0.01227,0.01187,0.01149
Fiji,0.63451,0.64677,0.65891,0.67191,0.68557,0.69894,0.71299,0.71967,0.72637,0.73303,0.73962,0.74617,0.75274,0.75933,0.76592,0.77252,0.77889,0.78561,0.79269,0.79908,0.80493,0.81073,0.81667,0.82318,0.82982,0.83656,0.84395,0.85211,0.86054,0.8685,0.87598
French Polynesia,0.1509,0.15569,0.16042,0.16532,0.17028,0.17541,0.18064,0.18584,0.19117,0.19654,0.20182,0.20708,0.21217,0.21719,0.22207,0.22676,0.2313,0.23577,0.24024,0.24472,0.24918,0.25361,0.25798,0.2623,0.26655,0.27074,0.27487,0.27896,0.28302,0.28703,0.291
Guam,0.10687,0.10917,0.10928,0.11408,0.1173,0.12062,0.12288,0.12572,0.12755,0.13095,0.13413,0.13816,0.14233,0.14383,0.14316,0.14419,0.14532,0.1468,0.14972,0.15259,0.15532,0.15833,0.16106,0.16361,0.16612,0.16861,0.17109,0.17354,0.17599,0.17843,0.18087
Hong Kong,5.0631,5.1834,5.2645,5.3451,5.3979,5.4562,5.5246,5.58451,5.62841,5.66072,5.68796,5.752,5.8297,5.93451,6.06729,6.22535,6.39156,6.49592,6.54456,6.59931,6.65872,6.71338,6.76248,6.80974,6.85513,6.89869,6.94043,6.98041,7.01864,7.05507,7.08971
India,684.8877,699.15377,713.71094,728.52155,744.01697,759.61221,775.06324,790.64043,806.3794,822.21883,838.15883,853.72439,870.11319,886.74371,903.57929,920.58497,937.72548,954.92605,972.11281,989.25019,1006.3003,1023.29508,1040.28482,1057.25112,1074.15902,1090.97303,1107.62435,1124.1348,1140.56621,1156.89777,1173.10802
Indonesia,151.0244,154.13906,157.27963,160.44071,163.61264,166.77028,169.89552,173.01546,176.16566,179.33997,182.51628,185.70794,188.90468,192.09324,195.3278,198.63437,202.01216,205.27672,208.47748,211.6872,214.67661,217.83628,220.97191,223.06967,226.00413,228.89575,231.82024,234.694,237.51236,240.27152,242.96834
Japan,116.80731,117.64809,118.45497,119.26995,120.0347,120.75434,121.49191,122.09133,122.613,123.1075,123.5374,123.94627,124.32927,124.66802,125.01405,125.34135,125.64531,125.95649,126.24609,126.4944,126.72922,126.97191,127.18724,127.35774,127.4805,127.53719,127.51517,127.43349,127.28842,127.07868,126.80443
Kiribati,0.05754,0.05845,0.05935,0.06025,0.06115,0.06203,0.06377,0.06559,0.06748,0.06939,0.07129,0.07266,0.07363,0.07467,0.07561,0.07654,0.0779,0.07969,0.08153,0.08334,0.08512,0.08676,0.08826,0.0897,0.09112,0.09259,0.09406,0.09548,0.09686,0.09819,0.09948
"Korea, North",17.11363,17.38401,17.64752,17.91799,18.196,18.48142,18.77246,19.06755,19.37114,19.68791,20.01855,20.36109,20.71138,21.07265,21.32897,21.53398,21.60596,21.47045,21.20487,21.10209,21.26345,21.49473,21.71214,21.89828,22.05448,22.19857,22.33156,22.45422,22.56535,22.66535,22.75728
"Korea, South",38.124,38.723,39.326,39.91,40.406,40.806,41.214,41.622,42.031,42.449,42.869,43.33991,43.83712,44.30704,44.7189,45.10508,45.46797,45.80783,46.15151,46.48542,46.83884,47.17781,47.43728,47.65663,47.85385,48.00516,48.12356,48.25015,48.37939,48.50897,48.63607
Laos,3.29316,3.33698,3.41116,3.49496,3.57671,3.65717,3.76177,3.86931,3.97988,4.09357,4.21045,4.33063,4.45418,4.58122,4.71183,4.84612,4.94763,5.0549,5.16765,5.28581,5.39741,5.49852,5.57803,5.654,5.74604,5.83636,5.93079,6.03541,6.14518,6.25687,6.36816
Macau,0.25577,0.26093,0.27081,0.28545,0.29898,0.30584,0.3122,0.32298,0.33214,0.34124,0.35176,0.36386,0.37533,0.3844,0.39294,0.4013,0.4104,0.41699,0.42161,0.42777,0.43174,0.43478,0.43898,0.44418,0.45523,0.47403,0.49943,0.52553,0.54567,0.55985,0.56796
Malaysia,13.46009,13.87521,14.30829,14.75262,15.19792,15.64911,16.11117,16.5789,17.05511,17.47198,17.88222,18.37607,18.86191,19.33822,19.83502,20.33903,20.85669,21.40715,21.97723,22.55341,23.15128,23.73736,24.28261,24.8804,25.47547,25.96812,26.43216,26.89556,27.35776,27.81787,28.27473
Maldives,0.15287,0.15725,0.1619,0.16685,0.1721,0.1773,0.18461,0.19221,0.20008,0.2082,0.21661,0.22722,0.23785,0.24691,0.25338,0.26058,0.27053,0.27571,0.28118,0.29148,0.29998,0.30591,0.31186,0.31849,0.3266,0.33625,0.34812,0.36497,0.38593,0.39633,0.39565
Mongolia,1.66238,1.70883,1.75603,1.805,1.85569,1.9077,1.9608,2.01513,2.07072,2.1606,2.21754,2.27038,2.31795,2.35969,2.40065,2.44704,2.49485,2.53922,2.58152,2.62305,2.66376,2.70447,2.74455,2.78408,2.82457,2.86599,2.9084,2.95179,2.99608,3.04114,3.08692
Nauru,0.00771,0.00785,0.008,0.00815,0.00833,0.00852,0.00871,0.00891,0.0091,0.0093,0.00949,0.00967,0.00983,0.00982,0.00982,0.00982,0.00983,0.00987,0.00989,0.00987,0.00986,0.00989,0.00992,0.00993,0.00997,0.01001,0.00957,0.00912,0.00916,0.00921,0.00927
Nepal,14.66525,15.01086,15.37507,15.75685,16.15506,16.56998,17.00221,17.45269,17.92208,18.41093,18.91826,19.44833,20.03337,20.64137,21.24674,21.87667,22.50257,23.10934,23.70029,24.26987,24.81816,25.33561,25.81505,26.27538,26.70832,27.09387,27.45895,27.82789,28.19696,28.56338,28.95185
New Caledonia,0.1394,0.1425,0.145,0.14658,0.14966,0.15259,0.15558,0.15873,0.16194,0.16512,0.1689,0.17333,0.17776,0.18246,0.18745,0.19178,0.19553,0.19938,0.20324,0.20718,0.21119,0.21528,0.21944,0.22369,0.22802,0.2324,0.23651,0.24045,0.24445,0.24841,0.25235
New Zealand,3.16815,3.18345,3.2149,3.25645,3.29609,3.32181,3.33863,3.35049,3.35931,3.37554,3.41168,3.4532,3.49155,3.53464,3.5843,3.64018,3.69501,3.73642,3.76231,3.78176,3.8004,3.83576,3.89633,3.95813,4.00601,4.04606,4.0878,4.13018,4.1713,4.21126,4.25012
Niue,0.002,0.002,0.002,0.002,0.002,0.002,0.002,0.002,0.002,0.002,0.002,0.002,0.002,0.002,0.002,0.002,0.002,0.002,0.002,0.002,0.002,0.00212,0.00213,0.00215,0.00216,0.00216,0.00216,0.00216,0.00216,0.00216,0.00216
Pakistan,85.21912,90.97508,94.09612,96.88143,99.35434,102.07865,105.23962,108.58408,112.02109,115.41922,118.81619,122.24818,124.96177,127.56273,130.74625,134.18537,137.91117,141.4455,144.88529,148.3792,152.42904,156.79544,160.26923,163.16564,166.22361,169.27864,172.38187,175.49508,178.47939,181.45728,184.40479
Papua New Guinea,2.8464,2.91716,2.991,3.0676,3.1469,3.22893,3.31375,3.40147,3.49213,3.58588,3.68283,3.78309,3.8866,3.99325,4.1031,4.21589,4.33107,4.44837,4.5678,4.68932,4.81279,4.93745,5.0626,5.18811,5.31389,5.43977,5.56556,5.69109,5.81623,5.94078,6.06452
Philippines,50.94018,52.2276,53.55718,54.88541,56.25788,57.70569,59.18595,60.64811,62.08071,63.55467,65.08772,66.57223,67.97776,69.41697,70.94455,72.59743,74.33582,76.05706,77.74055,79.44813,81.22208,83.09528,84.93641,86.75169,88.62179,90.43579,92.26694,94.15747,96.06168,97.9766,99.90018
Samoa,0.15904,0.16092,0.16074,0.16066,0.16066,0.16074,0.16086,0.1611,0.16152,0.1621,0.16283,0.16369,0.1648,0.16612,0.16748,0.16889,0.17033,0.17181,0.17331,0.17476,0.17621,0.17779,0.17943,0.18109,0.18277,0.18449,0.18625,0.18796,0.1895,0.1909,0.192
Singapore,2.4139,2.53537,2.65187,2.68926,2.7433,2.7499,2.75007,2.79455,2.86927,2.95775,3.0471,3.14458,3.23587,3.32815,3.42798,3.54287,3.67228,3.80231,3.90453,3.96775,4.03675,4.12023,4.19778,4.27679,4.35389,4.42572,4.49215,4.55301,4.60817,4.65754,4.70107
Solomon Islands,0.23077,0.23874,0.24693,0.25535,0.26401,0.27293,0.28212,0.29154,0.30118,0.31104,0.32113,0.33147,0.34204,0.35284,0.36385,0.37507,0.38649,0.39809,0.40984,0.42172,0.43373,0.44591,0.45822,0.47065,0.48317,0.49575,0.50838,0.52107,0.53378,0.54649,0.5592
Sri Lanka,15.05597,15.31549,15.57547,15.78446,15.97692,16.18811,16.42379,16.66312,16.90308,17.14229,17.36508,17.55905,17.75561,17.99715,18.24706,18.47588,18.67967,18.8682,19.05566,19.24104,19.43587,19.64627,19.87007,20.09749,20.30327,20.50426,20.71793,20.92632,21.12877,21.32479,21.51399
Taiwan,17.84832,18.17743,18.50139,18.80339,19.08335,19.33736,19.55558,19.7578,19.9761,20.20754,20.27825,20.49209,20.6872,20.88606,21.09325,21.29041,21.45771,21.63853,21.83444,22.00781,22.18286,22.33581,22.45063,22.54347,22.62239,22.70108,22.78187,22.85887,22.92095,22.97435,23.02496
Thailand,47.02576,47.9365,48.82716,49.69425,50.53378,51.34181,52.12948,52.91034,53.68343,54.44569,55.19672,55.94196,56.69281,57.44296,58.19106,58.94228,59.67497,60.36736,61.03791,61.63419,62.15674,62.68514,63.21312,63.73055,64.24084,64.7426,65.23501,65.71702,66.18726,66.64481,67.0895
Tonga,0.09136,0.09177,0.0922,0.09263,0.09288,0.09335,0.09374,0.094,0.09332,0.09278,0.09212,0.09126,0.09214,0.09378,0.09444,0.0952,0.0962,0.09744,0.09887,0.10051,0.10235,0.10426,0.10616,0.10817,0.11026,0.11245,0.11471,0.11694,0.11901,0.1209,0.12258
U.S. Pacific Islands,0.13796,0.14283,0.14762,0.15281,0.15825,0.16406,0.17104,0.17903,0.18841,0.1998,0.21367,0.2207,0.22761,0.23438,0.22598,0.23015,0.23427,0.2384,0.24244,0.2463,0.24999,0.25365,0.25739,0.26116,0.26494,0.25814,0.24957,0.24888,0.24678,0.24424,0.24221
Vanuatu,0.11679,0.12026,0.12379,0.12738,0.13103,0.13473,0.13848,0.14227,0.14612,0.15,0.15388,0.15772,0.16152,0.16526,0.16894,0.17255,0.1761,0.17962,0.18309,0.18651,0.18986,0.19317,0.19646,0.19971,0.20293,0.20609,0.20922,0.21234,0.21545,0.21852,0.22155
Vietnam,53.7152,54.90268,56.14218,57.43635,58.76204,60.09307,61.43983,62.82649,64.21135,65.86848,67.25811,68.63827,69.97972,71.28515,72.55954,73.78339,74.94655,76.05286,77.1075,78.14167,79.17798,80.20948,81.25796,82.29659,83.35245,84.42493,85.47054,86.51885,87.55836,88.57676,89.57113
World,4451.32679,4534.01064,4613.94102,4694.9362,4775.05313,4856.52116,4940.1947,5026.35348,5113.1907,5199.68056,5286.92957,5369.79076,5454.29816,5536.20819,5616.68132,5697.40615,5777.31836,5858.37302,5935.74132,6012.44075,6088.68355,6165.32364,6241.71768,6317.4264,6393.12094,6469.12974,6545.88444,6623.57196,6700.76588,6776.91747,6853.01941
