Date,Open,High,Low,Close,Volume,Adj Close
2016-12-20,119.50,119.769997,118.800003,119.089996,13528100,119.089996
2016-12-19,119.849998,120.360001,118.510002,119.239998,15841700,119.239998
2016-12-16,120.900002,121.50,119.269997,119.870003,25174600,119.870003
2016-12-15,120.080002,122.50,119.629997,120.57,20102900,120.57
2016-12-14,120.00,121.690002,118.849998,120.209999,25667800,120.209999
2016-12-13,117.860001,121.519997,117.610001,120.309998,29558100,120.309998
2016-12-12,119.220001,119.239998,117.650002,117.769997,17769700,117.769997
2016-12-09,119.220001,119.940002,118.949997,119.68,17436000,119.68
2016-12-08,117.980003,119.50,117.639999,118.910004,22404200,118.910004
2016-12-07,117.00,117.949997,116.57,117.949997,21855600,117.949997
2016-12-06,117.690002,117.800003,116.330002,117.309998,19048500,117.309998
2016-12-05,115.949997,117.57,115.07,117.43,20095200,117.43
2016-12-02,115.110001,116.480003,114.300003,115.400002,25015200,115.400002
2016-12-01,118.379997,118.449997,114.00,115.099998,43209700,115.099998
2016-11-30,120.32,121.790001,117.949997,118.419998,30035600,118.419998
2016-11-29,120.57,122.099998,120.400002,120.870003,18846600,120.870003
2016-11-28,120.120003,121.690002,119.82,120.410004,18073300,120.410004
2016-11-25,121.010002,121.139999,120.07,120.379997,8638400,120.379997
2016-11-23,121.230003,121.309998,119.940002,120.839996,15592400,120.839996
2016-11-22,122.400002,122.980003,120.900002,121.470001,25992700,121.470001
2016-11-21,118.199997,121.949997,117.800003,121.769997,35288000,121.769997
2016-11-18,118.389999,119.129997,116.839996,117.019997,22051700,117.019997
2016-11-17,116.809998,117.790001,116.010002,117.790001,18556200,117.790001
2016-11-16,114.480003,117.879997,114.209999,116.339996,32345400,116.339996
2016-11-15,116.730003,118.489998,115.830002,117.199997,33270700,117.199997
2016-11-14,119.129997,119.129997,113.550003,115.080002,51247400,115.080002
2016-11-11,119.529999,120.699997,118.150002,119.019997,32804000,119.019997
2016-11-10,123.93,124.18,115.269997,120.800003,67822800,120.800003
2016-11-09,121.50,123.809998,120.510002,123.18,31856100,123.18
2016-11-08,122.029999,124.610001,121.540001,124.220001,19367800,124.220001
2016-11-07,122.830002,123.209999,121.349998,122.150002,23008900,122.150002
2016-11-04,119.589996,121.93,119.25,120.75,30545500,120.75
2016-11-03,122.00,123.279999,119.50,120.00,63766300,120.00
2016-11-02,130.229996,130.229996,126.279999,127.169998,39640900,127.169998
2016-11-01,131.410004,131.940002,128.649994,129.50,22077800,129.50
2016-10-31,132.009995,132.119995,130.880005,130.990005,15669000,130.990005
2016-10-28,130.50,132.970001,129.929993,131.289993,24545500,131.289993
2016-10-27,131.740005,131.800003,129.270004,129.690002,16741400,129.690002
2016-10-26,131.639999,132.259995,130.940002,131.039993,13084700,131.039993
2016-10-25,133.50,133.50,132.220001,132.289993,13336800,132.289993
2016-10-24,132.720001,133.410004,132.149994,133.279999,17470200,133.279999
2016-10-21,129.779999,132.130005,129.699997,132.070007,19088800,132.070007
2016-10-20,130.070007,130.660004,129.50,130.00,13167500,130.00
2016-10-19,128.740005,130.470001,128.600006,130.110001,16752300,130.110001
2016-10-18,128.679993,129.389999,128.009995,128.570007,13504000,128.570007
2016-10-17,128.199997,128.470001,127.32,127.540001,11351700,127.540001
2016-10-14,128.490005,128.949997,127.580002,127.879997,13345300,127.879997
2016-10-13,128.210007,128.25,126.75,127.82,17139300,127.82
2016-10-12,129.009995,129.660004,128.460007,129.050003,11073000,129.050003
2016-10-11,130.229996,130.639999,128.229996,128.880005,17537900,128.880005
2016-10-10,129.679993,130.699997,129.199997,130.240005,15138700,130.240005
2016-10-07,129.039993,129.25,128.330002,128.990005,12804400,128.990005
2016-10-06,128.429993,129.059998,128.080002,128.740005,11682700,128.740005
2016-10-05,128.25,128.800003,127.830002,128.470001,12386800,128.470001
2016-10-04,129.169998,129.279999,127.550003,128.190002,14307500,128.190002
2016-10-03,128.380005,129.089996,127.800003,128.770004,13156900,128.770004
2016-09-30,128.029999,128.589996,127.449997,128.270004,18402900,128.270004
2016-09-29,129.179993,129.289993,127.550003,128.089996,14532200,128.089996
2016-09-28,129.210007,129.470001,128.399994,129.229996,12047600,129.229996
2016-09-27,127.610001,129.009995,127.43,128.690002,15637100,128.690002
2016-09-26,127.370003,128.160004,126.800003,127.309998,15064900,127.309998
2016-09-23,127.559998,128.600006,127.300003,127.959999,28326300,127.959999
2016-09-22,130.50,130.729996,129.559998,130.080002,15538300,130.080002
2016-09-21,129.130005,130.009995,128.389999,129.940002,14068300,129.940002
2016-09-20,128.649994,129.169998,128.029999,128.639999,11083800,128.639999
2016-09-19,129.910004,129.940002,128.259995,128.649994,14958800,128.649994
2016-09-16,128.199997,129.179993,128.199997,129.070007,24119200,129.070007
2016-09-15,127.980003,129.100006,127.669998,128.350006,15077200,128.350006
2016-09-14,126.889999,128.800003,126.889999,127.769997,15691100,127.769997
2016-09-13,128.029999,128.350006,126.660004,127.209999,18016200,127.209999
2016-09-12,125.959999,128.759995,125.75,128.690002,21252800,128.690002
2016-09-09,129.710007,129.949997,127.099998,127.099998,27100700,127.099998
2016-09-08,130.919998,131.080002,129.809998,130.270004,15676600,130.270004
2016-09-07,130.039993,131.979996,129.949997,131.050003,27990800,131.050003
2016-09-06,126.669998,129.940002,126.470001,129.729996,26278400,129.729996
2016-09-02,126.849998,126.860001,126.00,126.510002,12118800,126.510002
2016-09-01,126.379997,126.629997,125.599998,126.169998,13536100,126.169998
2016-08-31,125.599998,126.220001,125.099998,126.120003,14200600,126.120003
2016-08-30,126.599998,126.599998,125.150002,125.839996,17804300,125.839996
2016-08-29,124.349998,126.730003,124.349998,126.540001,15925900,126.540001
2016-08-26,124.050003,125.190002,123.910004,124.959999,17504800,124.959999
2016-08-25,123.120003,124.370003,123.099998,123.889999,10730800,123.889999
2016-08-24,124.470001,124.690002,123.089996,123.480003,12243700,123.480003
2016-08-23,124.510002,125.089996,124.25,124.370003,13309500,124.370003
2016-08-22,123.330002,124.830002,123.110001,124.150002,14386400,124.150002
2016-08-19,123.599998,124.160004,123.279999,123.559998,11688300,123.559998
2016-08-18,124.010002,124.260002,123.639999,123.910004,12400800,123.910004
2016-08-17,123.660004,124.379997,122.849998,124.370003,13794200,124.370003
2016-08-16,123.50,123.919998,122.779999,123.300003,14222400,123.300003
2016-08-15,124.910004,124.919998,123.699997,123.900002,19295100,123.900002
2016-08-12,124.699997,125.00,124.18,124.879997,12159000,124.879997
2016-08-11,125.199997,125.379997,124.75,124.900002,11729500,124.900002
2016-08-10,125.07,125.480003,124.540001,124.879997,10670100,124.879997
2016-08-09,125.339996,126.089996,124.529999,125.059998,19621000,125.059998
2016-08-08,125.25,125.449997,124.550003,125.260002,15233900,125.260002
2016-08-05,124.980003,125.839996,124.620003,125.150002,20184000,125.150002
2016-08-04,122.940002,124.790001,122.510002,124.360001,21066000,124.360001
2016-08-03,123.089996,123.919998,122.309998,122.510002,18525300,122.510002
2016-08-02,124.059998,124.800003,122.07,123.089996,23968400,123.089996
2016-08-01,123.849998,124.580002,122.860001,124.309998,25006900,124.309998
2016-07-29,124.650002,125.839996,123.709999,123.940002,35058800,123.940002
2016-07-28,127.519997,128.330002,123.629997,125.00,78955800,125.00
2016-07-27,122.419998,125.00,121.510002,123.339996,52654200,123.339996
2016-07-26,122.00,122.07,120.75,121.220001,17612000,121.220001
2016-07-25,121.389999,121.849998,117.779999,121.629997,18487400,121.629997
2016-07-22,119.900002,121.010002,119.309998,121.00,18422400,121.00
2016-07-21,121.919998,122.099998,120.25,120.610001,17801700,120.610001
2016-07-20,121.25,122.199997,120.559998,121.919998,20046500,121.919998
2016-07-19,118.989998,120.849998,118.660004,120.610001,21541300,120.610001
2016-07-18,117.32,119.610001,116.889999,119.370003,20868400,119.370003
2016-07-15,117.739998,118.279999,116.580002,116.860001,16646000,116.860001
2016-07-14,117.50,117.639999,116.699997,117.290001,14579700,117.290001
2016-07-13,118.389999,118.400002,116.68,116.779999,16207700,116.779999
2016-07-12,118.629997,118.720001,117.57,117.93,15217700,117.93
2016-07-11,117.709999,118.699997,117.50,117.870003,17711600,117.870003
2016-07-08,116.43,117.50,115.849998,117.239998,18142600,117.239998
2016-07-07,116.629997,116.970001,115.360001,115.849998,16630200,115.849998
2016-07-06,113.360001,116.790001,112.970001,116.699997,24337600,116.699997
2016-07-05,113.940002,114.199997,112.970001,114.199997,14207000,114.199997
2016-07-01,114.199997,115.129997,113.809998,114.190002,14980000,114.190002
2016-06-30,114.669998,115.18,113.669998,114.279999,23192700,114.279999
2016-06-29,113.370003,114.25,113.040001,114.160004,20968300,114.160004
2016-06-28,110.629997,112.75,110.550003,112.699997,26813800,112.699997
2016-06-27,111.57,111.57,108.230003,108.970001,36130400,108.970001
2016-06-24,111.010002,113.68,111.00,112.080002,40643100,112.080002
2016-06-23,114.370003,115.089996,113.540001,115.080002,16176900,115.080002
2016-06-22,114.650002,114.739998,113.610001,113.910004,14846300,113.910004
2016-06-21,114.120003,115.209999,113.970001,114.379997,19166300,114.379997
2016-06-20,113.769997,114.720001,112.75,113.370003,20785400,113.370003
2016-06-17,114.419998,114.43,112.559998,113.019997,24644300,113.019997
2016-06-16,113.870003,114.50,112.940002,114.389999,19236300,114.389999
2016-06-15,115.300003,115.440002,114.07,114.599998,19819400,114.599998
2016-06-14,114.07,114.949997,113.580002,114.940002,17618500,114.940002
2016-06-13,115.00,115.480003,113.309998,113.949997,31718200,113.949997
2016-06-10,117.540001,118.110001,116.260002,116.620003,18510800,116.620003
2016-06-09,118.129997,118.68,117.709999,118.559998,13859200,118.559998
2016-06-08,117.760002,118.599998,117.269997,118.389999,14505600,118.389999
2016-06-07,119.239998,119.300003,117.669998,117.760002,17103000,117.760002
2016-06-06,118.620003,119.43,118.360001,118.790001,12744700,118.790001
2016-06-03,118.980003,118.980003,117.860001,118.470001,14135100,118.470001
2016-06-02,118.690002,119.440002,118.220001,118.93,13228300,118.93
2016-06-01,118.50,119.080002,117.82,118.779999,15029500,118.779999
2016-05-31,119.459999,120.099998,118.120003,118.809998,23547600,118.809998
2016-05-27,119.559998,119.849998,119.010002,119.379997,13464400,119.379997
2016-05-26,118.239998,119.760002,117.919998,119.470001,18481300,119.470001
2016-05-25,118.129997,118.669998,117.379997,117.889999,20019800,117.889999
2016-05-24,116.239998,117.730003,116.120003,117.699997,20183600,117.699997
2016-05-23,117.419998,117.599998,115.940002,115.970001,20441000,115.970001
2016-05-20,116.959999,117.989998,116.949997,117.349998,18944800,117.349998
2016-05-19,117.050003,117.489998,115.879997,116.809998,20544100,116.809998
2016-05-18,116.800003,118.269997,116.730003,117.650002,21642300,117.650002
2016-05-17,118.82,119.010002,117.199997,117.349998,21328600,117.349998
2016-05-16,119.379997,119.610001,117.349998,118.669998,31247800,118.669998
2016-05-13,120.379997,120.639999,119.68,119.809998,18124300,119.809998
2016-05-12,119.980003,120.839996,118.900002,120.279999,22035500,120.279999
2016-05-11,120.410004,121.080002,119.419998,119.519997,22038400,119.519997
2016-05-10,119.620003,120.50,119.00,120.50,23220000,120.50
2016-05-09,119.540001,120.279999,118.900002,119.239998,21138100,119.239998
2016-05-06,117.160004,119.639999,117.110001,119.489998,26216200,119.489998
2016-05-05,118.040001,118.980003,117.25,117.809998,22056700,117.809998
2016-05-04,116.610001,118.300003,116.57,118.059998,23448400,118.059998
2016-05-03,117.519997,118.160004,117.019997,117.43,24117500,117.43
2016-05-02,117.830002,118.730003,116.57,118.57,28095200,118.57
2016-04-29,116.82,117.839996,115.839996,117.580002,37140600,117.580002
2016-04-28,119.580002,120.790001,116.230003,116.730003,87110100,116.730003
2016-04-27,107.940002,108.940002,106.309998,108.889999,52213100,108.889999
2016-04-26,110.489998,110.50,108.150002,108.760002,22521500,108.760002
2016-04-25,109.870003,110.669998,109.07,110.099998,21017900,110.099998
2016-04-22,111.209999,111.75,109.010002,110.559998,38458200,110.559998
2016-04-21,112.550003,114.040001,112.309998,113.440002,20875200,113.440002
2016-04-20,112.43,113.269997,111.559998,112.419998,21027900,112.419998
2016-04-19,111.099998,112.449997,109.160004,112.290001,30210500,112.290001
2016-04-18,109.739998,110.809998,109.199997,110.449997,21092700,110.449997
2016-04-15,110.790001,110.970001,109.199997,109.639999,20922800,109.639999
2016-04-14,110.620003,112.040001,110.260002,110.839996,28473300,110.839996
2016-04-13,112.230003,112.650002,106.519997,110.510002,88227400,110.510002
2016-04-12,109.339996,111.160004,108.989998,110.610001,26248100,110.610001
2016-04-11,110.699997,110.910004,108.769997,108.989998,39762300,108.989998
2016-04-08,114.25,114.330002,109.900002,110.629997,48497800,110.629997
2016-04-07,113.790001,114.889999,113.07,113.639999,20714500,113.639999
2016-04-06,112.470001,113.809998,112.419998,113.709999,20814600,113.709999
2016-04-05,112.110001,113.32,111.900002,112.220001,22962400,112.220001
2016-04-04,114.07,114.550003,111.610001,112.550003,48487900,112.550003
2016-04-01,113.75,116.169998,113.349998,116.059998,24760500,116.059998
2016-03-31,114.699997,115.010002,113.769997,114.099998,21207500,114.099998
2016-03-30,116.730003,116.989998,114.360001,114.699997,33235200,114.699997
2016-03-29,113.830002,116.32,113.639999,116.139999,29825300,116.139999
2016-03-28,113.32,114.589996,112.949997,113.690002,21351800,113.690002
2016-03-24,112.129997,113.089996,111.68,113.050003,17839100,113.050003
2016-03-23,112.010002,113.190002,112.00,112.540001,18562000,112.540001
2016-03-22,111.360001,112.879997,111.169998,112.25,19001100,112.25
2016-03-21,111.660004,112.370003,111.029999,111.849998,18448000,111.849998
2016-03-18,111.559998,112.419998,110.269997,111.449997,36256900,111.449997
2016-03-17,112.150002,112.690002,110.730003,111.019997,24241200,111.019997
2016-03-16,110.489998,112.50,110.099998,112.18,24744800,112.18
2016-03-15,109.110001,110.830002,108.839996,110.669998,17618500,110.669998
2016-03-14,109.279999,110.330002,108.769997,109.889999,17249400,109.889999
2016-03-11,108.480003,109.419998,107.919998,109.410004,20697600,109.410004
2016-03-10,107.910004,108.660004,105.769997,107.32,24854300,107.32
2016-03-09,106.699997,107.510002,105.489998,107.510002,20493300,107.510002
2016-03-08,104.779999,107.370003,104.400002,105.93,25617000,105.93
2016-03-07,108.07,108.07,104.720001,105.730003,31436400,105.730003
2016-03-04,110.050003,110.050003,107.93,108.389999,24938900,108.389999
2016-03-03,110.25,110.300003,108.540001,109.580002,21353100,109.580002
2016-03-02,109.68,110.550003,108.769997,109.949997,25670200,109.949997
2016-03-01,107.830002,109.82,107.599998,109.82,26817300,109.82
2016-02-29,107.599998,108.910004,106.75,106.919998,32779000,106.919998
2016-02-26,108.699997,109.449997,107.160004,107.919998,26686200,107.919998
2016-02-25,107.110001,108.07,105.610001,108.07,29906300,108.07
2016-02-24,104.209999,106.949997,102.739998,106.879997,34412400,106.879997
2016-02-23,106.849998,107.470001,105.120003,105.459999,25319300,105.459999
2016-02-22,105.489998,108.25,105.339996,107.160004,35709700,107.160004
2016-02-19,102.550003,105.019997,102.059998,104.57,32404500,104.57
2016-02-18,105.800003,106.00,103.029999,103.470001,29593500,103.470001
2016-02-17,102.019997,105.720001,100.400002,105.199997,44073400,105.199997
2016-02-16,103.800003,103.93,100.239998,101.610001,45687200,101.610001
2016-02-12,103.739998,104.239998,101.089996,102.010002,36176800,102.010002
2016-02-11,99.599998,105.110001,98.879997,101.910004,43670600,101.910004
2016-02-10,101.550003,103.25,100.239998,101.00,45179400,101.00
2016-02-09,97.139999,102.400002,96.82,99.540001,62709000,99.540001
2016-02-08,100.410004,102.68,97.459999,99.75,71229700,99.75
2016-02-05,109.510002,109.580002,103.18,104.07,76894700,104.07
2016-02-04,111.800003,111.940002,109.25,110.489998,38890200,110.489998
2016-02-03,115.269997,115.339996,109.75,112.690002,56919300,112.690002
2016-02-02,114.800003,117.589996,113.199997,114.610001,59778600,114.610001
2016-02-01,112.269997,115.720001,112.010002,115.089996,46132700,115.089996
2016-01-29,108.989998,112.839996,108.839996,112.209999,62739500,112.209999
2016-01-28,107.199997,110.339996,104.809998,109.110001,107475300,109.110001
2016-01-27,97.790001,97.849998,94.230003,94.449997,58699400,94.449997
2016-01-26,97.760002,97.879997,95.660004,97.339996,26877100,97.339996
2016-01-25,98.720001,99.480003,96.93,97.010002,32482000,97.010002
2016-01-22,96.410004,98.07,95.489998,97.940002,30495400,97.940002
2016-01-21,94.910004,95.989998,92.620003,94.160004,30518900,94.160004
2016-01-20,92.830002,95.00,89.370003,94.349998,59051400,94.349998
2016-01-19,96.529999,97.419998,93.919998,95.260002,30998300,95.260002
2016-01-15,93.980003,96.379997,93.540001,94.970001,45935600,94.970001
2016-01-14,95.849998,98.870003,92.449997,98.370003,48658600,98.370003
2016-01-13,100.580002,100.580002,95.209999,95.440002,33410600,95.440002
2016-01-12,99.00,99.959999,97.550003,99.370003,28395400,99.370003
2016-01-11,97.910004,98.599998,95.389999,97.510002,29932400,97.510002
2016-01-08,99.879997,100.50,97.029999,97.330002,35402300,97.330002
2016-01-07,100.50,101.43,97.300003,97.919998,45172900,97.919998
2016-01-06,101.129997,103.769997,100.900002,102.970001,25096200,102.970001
2016-01-05,102.889999,103.709999,101.669998,102.730003,23258200,102.730003
2016-01-04,101.949997,102.239998,99.75,102.220001,37912400,102.220001
2015-12-31,106.00,106.169998,104.620003,104.660004,18298700,104.660004
2015-12-30,107.00,107.25,106.059998,106.220001,13115000,106.220001
2015-12-29,106.419998,107.739998,106.25,107.260002,17179900,107.260002
2015-12-28,105.019997,105.980003,104.529999,105.93,13069700,105.93
2015-12-24,104.739998,105.32,104.50,105.019997,6501800,105.019997
2015-12-23,105.889999,106.110001,103.860001,104.629997,19599700,104.629997
2015-12-22,105.220001,105.660004,104.809998,105.510002,14597100,105.510002
2015-12-21,104.910004,105.150002,103.599998,104.769997,16138800,104.769997
2015-12-18,106.080002,106.589996,103.970001,104.040001,35994200,104.040001
2015-12-17,107.489998,107.75,106.129997,106.220001,21675700,106.220001
2015-12-16,105.370003,107.089996,104.190002,106.790001,22680500,106.790001
2015-12-15,105.300003,105.800003,104.279999,104.550003,21764300,104.550003
2015-12-14,102.290001,104.739998,101.459999,104.660004,24648100,104.660004
2015-12-11,104.150002,104.339996,101.910004,102.120003,26427700,102.120003
2015-12-10,105.050003,106.400002,104.410004,105.419998,17414500,105.419998
2015-12-09,106.18,106.440002,103.550003,104.599998,23517300,104.599998
2015-12-08,104.00,106.910004,103.949997,106.489998,20401800,106.489998
2015-12-07,106.480003,106.830002,104.660004,105.610001,15474900,105.610001
2015-12-04,104.809998,107.730003,104.110001,106.18,21224700,106.18
2015-12-03,106.269997,106.849998,103.349998,104.379997,23236500,104.379997
2015-12-02,107.00,107.919998,105.790001,106.07,24429100,106.07
2015-12-01,104.830002,107.150002,104.50,107.120003,22781900,107.120003
2015-11-30,105.839996,106.099998,103.75,104.239998,20383200,104.239998
2015-11-27,105.779999,105.959999,104.860001,105.449997,5913100,105.449997
2015-11-25,106.330002,106.599998,105.099998,105.410004,15150800,105.410004
2015-11-24,106.00,106.489998,104.389999,105.739998,23577300,105.739998
2015-11-23,107.190002,107.470001,106.080002,106.949997,19897200,106.949997
2015-11-20,106.839996,107.870003,106.620003,107.32,22129600,107.32
2015-11-19,107.360001,107.730003,105.949997,106.260002,25520600,106.260002
2015-11-18,105.800003,107.879997,105.389999,107.769997,23836500,107.769997
2015-11-17,104.620003,106.199997,104.139999,105.129997,26807200,105.129997
2015-11-16,103.32,104.169998,100.470001,104.040001,49309200,104.040001
2015-11-13,107.709999,108.25,103.830002,103.949997,30278400,103.949997
2015-11-12,108.480003,109.389999,108.00,108.019997,20924700,108.019997
2015-11-11,108.269997,109.870003,107.110001,109.010002,25057100,109.010002
2015-11-10,105.959999,108.150002,105.239998,107.910004,25031700,107.910004
2015-11-09,107.00,108.25,105.860001,106.489998,26383500,106.489998
2015-11-06,108.040001,108.739998,105.910004,107.099998,35084300,107.099998
2015-11-05,108.800003,110.650002,107.949997,108.760002,63232900,108.760002
2015-11-04,103.190002,104.139999,102.480003,103.940002,43469300,103.940002
2015-11-03,103.220001,103.650002,102.400002,102.580002,21242300,102.580002
2015-11-02,101.720001,103.470001,101.18,103.309998,24003900,103.309998
2015-10-30,104.510002,104.720001,101.650002,101.970001,33487100,101.970001
2015-10-29,103.959999,105.120003,103.519997,104.879997,20316700,104.879997
2015-10-28,103.900002,104.480003,102.919998,104.199997,24081500,104.199997
2015-10-27,102.940002,104.099998,102.400002,103.699997,23795500,103.699997
2015-10-26,102.199997,103.809998,101.550003,103.769997,25961200,103.769997
2015-10-23,101.910004,102.849998,100.160004,102.190002,42809700,102.190002
2015-10-22,97.790001,99.730003,97.550003,99.669998,26392100,99.669998
2015-10-21,97.370003,98.18,96.470001,97.110001,21917800,97.110001
2015-10-20,98.730003,99.589996,96.559998,97.00,30700500,97.00
2015-10-19,97.18,98.57,96.919998,98.470001,23729900,98.470001
2015-10-16,96.18,97.589996,95.349998,97.540001,25412900,97.540001
2015-10-15,94.989998,96.300003,94.900002,95.959999,27557500,95.959999
2015-10-14,94.080002,95.199997,93.610001,94.07,19253400,94.07
2015-10-13,93.660004,95.370003,93.550003,94.120003,19480300,94.120003
2015-10-12,93.32,94.599998,92.669998,94.260002,18449600,94.260002
2015-10-09,92.900002,93.739998,92.239998,93.239998,20012900,93.239998
2015-10-08,91.889999,93.220001,90.470001,92.470001,27290500,92.470001
2015-10-07,93.110001,93.660004,91.370003,92.400002,24129300,92.400002
2015-10-06,94.080002,94.169998,92.339996,92.800003,22172800,92.800003
2015-10-05,92.940002,94.269997,92.660004,94.010002,27292500,94.010002
2015-10-02,88.900002,92.199997,88.370003,92.07,37881700,92.07
2015-10-01,90.050003,90.949997,88.360001,90.949997,29283700,90.949997
2015-09-30,88.440002,90.019997,88.010002,89.900002,36169100,89.900002
2015-09-29,89.099998,90.059998,85.720001,86.669998,42281800,86.669998
2015-09-28,92.080002,92.290001,88.18,89.209999,41199900,89.209999
2015-09-25,95.790001,95.849998,92.059998,92.769997,28961600,92.769997
2015-09-24,93.059998,94.769997,92.239998,94.410004,29106000,94.410004
2015-09-23,93.400002,94.32,92.800003,93.970001,21701400,93.970001
2015-09-22,93.769997,94.68,91.919998,92.959999,36888900,92.959999
2015-09-21,94.620003,96.489998,94.519997,95.550003,28790000,95.550003
2015-09-18,93.199997,95.190002,93.050003,94.400002,62300000,94.400002
2015-09-17,93.370003,95.510002,92.900002,94.339996,27841800,94.339996
2015-09-16,92.900002,93.599998,92.629997,93.449997,16321200,93.449997
2015-09-15,92.370003,93.25,91.790001,92.900002,18859400,92.900002
2015-09-14,92.309998,92.620003,91.599998,92.309998,20127900,92.309998
2015-09-11,91.68,92.080002,91.129997,92.050003,21185000,92.050003
2015-09-10,90.07,92.059998,89.629997,91.980003,26437400,91.980003
2015-09-09,90.779999,91.980003,90.169998,90.440002,32551100,90.440002
2015-09-08,89.690002,90.239998,88.830002,89.529999,27012500,89.529999
2015-09-04,87.199997,88.389999,86.699997,88.260002,27328700,88.260002
2015-09-03,89.760002,89.82,87.730003,88.150002,27048200,88.150002
2015-09-02,88.809998,89.889999,87.629997,89.889999,27190500,89.889999
2015-09-01,86.849998,89.389999,86.50,87.230003,36097400,87.230003
2015-08-31,90.599998,91.050003,88.889999,89.43,32850700,89.43
2015-08-28,89.879997,91.480003,89.790001,91.010002,33215900,91.010002
2015-08-27,89.099998,90.059998,87.190002,89.730003,42431400,89.730003
2015-08-26,85.949997,87.459999,83.260002,87.190002,45124300,87.190002
2015-08-25,86.949997,87.669998,83.00,83.00,52021200,83.00
2015-08-24,77.029999,82.089996,72.00,82.089996,83710700,82.089996
2015-08-21,87.519997,89.18,85.610001,86.059998,62778700,86.059998
2015-08-20,93.540001,94.769997,90.459999,90.559998,44598200,90.559998
2015-08-19,94.629997,96.099998,94.160004,95.309998,23156500,95.309998
2015-08-18,94.080002,95.849998,94.040001,95.169998,22278800,95.169998
2015-08-17,94.419998,94.459999,93.389999,93.93,18313500,93.93
2015-08-14,93.540001,94.720001,93.209999,94.419998,15929700,94.419998
2015-08-13,94.050003,94.730003,93.349998,93.43,17451800,93.43
2015-08-12,92.699997,94.440002,91.190002,94.190002,27050500,94.190002
2015-08-11,93.730003,94.760002,92.900002,93.620003,22491000,93.620003
2015-08-10,95.68,95.900002,93.629997,94.150002,21624200,94.150002
2015-08-07,95.379997,95.400002,93.610001,94.300003,23199100,94.300003
2015-08-06,97.18,98.739998,94.419998,95.120003,42271300,95.120003
2015-08-05,95.25,97.089996,95.18,96.440002,29813200,96.440002
2015-08-04,93.790001,94.730003,93.330002,94.059998,20136000,94.059998
2015-08-03,93.529999,95.080002,92.800003,94.139999,29343100,94.139999
2015-07-31,94.949997,96.330002,93.949997,94.010002,46509000,94.010002
2015-07-30,94.910004,95.809998,91.800003,95.209999,86211300,95.209999
2015-07-29,96.32,97.279999,94.739998,96.989998,64648300,96.989998
2015-07-28,94.839996,95.559998,93.309998,95.290001,35236000,95.290001
2015-07-27,96.580002,96.610001,93.830002,94.169998,38585400,94.169998
2015-07-24,97.349998,97.760002,95.879997,96.949997,33444900,96.949997
2015-07-23,96.959999,97.449997,94.809998,95.440002,29418800,95.440002
2015-07-22,96.739998,97.580002,95.919998,97.040001,28299500,97.040001
2015-07-21,98.949997,99.239998,97.139999,98.389999,39453300,98.389999
2015-07-20,95.849998,98.599998,95.360001,97.910004,54860500,97.910004
2015-07-17,92.550003,95.389999,92.540001,94.970001,54001600,94.970001
2015-07-16,90.279999,90.860001,89.769997,90.849998,21804100,90.849998
2015-07-15,90.00,90.989998,89.419998,89.760002,30886600,89.760002
2015-07-14,90.459999,90.800003,89.650002,89.68,26627800,89.68
2015-07-13,88.660004,90.220001,88.419998,90.099998,29976700,90.099998
2015-07-10,87.349998,88.220001,86.769997,87.949997,23245900,87.949997
2015-07-09,86.730003,87.599998,85.650002,85.879997,23144200,85.879997
2015-07-08,86.290001,86.75,85.449997,85.650002,24399300,85.650002
2015-07-07,87.800003,87.849998,85.230003,87.220001,33059900,87.220001
2015-07-06,86.489998,88.190002,86.389999,87.550003,24635900,87.550003
2015-07-02,87.400002,87.440002,86.339996,87.290001,16908800,87.290001
2015-07-01,86.769997,87.949997,86.489998,86.910004,25260000,86.910004
2015-06-30,86.599998,86.699997,85.57,85.769997,23016500,85.769997
2015-06-29,86.610001,87.50,85.730003,85.800003,35957900,85.800003
2015-06-26,88.120003,88.339996,86.830002,88.010002,38214600,88.010002
2015-06-25,89.260002,89.400002,87.839996,87.980003,27302000,87.980003
2015-06-24,87.660004,89.25,87.449997,88.860001,41370200,88.860001
2015-06-23,84.959999,87.970001,84.760002,87.879997,50667900,87.879997
2015-06-22,83.410004,84.970001,83.309998,84.739998,29383100,84.739998
2015-06-19,82.830002,82.980003,82.120003,82.510002,23353200,82.510002
2015-06-18,81.639999,83.190002,81.57,82.910004,26782600,82.910004
2015-06-17,81.760002,82.220001,81.339996,81.790001,18350300,81.790001
2015-06-16,80.82,81.510002,80.449997,81.059998,13693700,81.059998
2015-06-15,80.550003,80.93,80.07,80.709999,18805100,80.709999
2015-06-12,81.370003,82.089996,81.199997,81.529999,11417900,81.529999
2015-06-11,82.309998,82.900002,81.360001,81.830002,18656800,81.830002
2015-06-10,80.830002,82.599998,80.809998,82.160004,21531200,82.160004
2015-06-09,80.599998,81.190002,79.32,80.669998,16497500,80.669998
2015-06-08,81.82,82.00,80.129997,80.669998,16915500,80.669998
2015-06-05,81.870003,82.459999,81.510002,82.139999,16143100,82.139999
2015-06-04,82.139999,82.949997,81.510002,82.050003,20863900,82.050003
2015-06-03,81.349998,82.529999,81.25,82.440002,31594700,82.440002
2015-06-02,79.760002,81.349998,79.559998,80.440002,18923300,80.440002
2015-06-01,79.300003,80.379997,78.660004,80.290001,18119000,80.290001
2015-05-29,79.949997,80.07,78.879997,79.190002,16134600,79.190002
2015-05-28,80.25,81.07,80.00,80.150002,11982000,80.150002
2015-05-27,79.599998,80.660004,79.43,80.550003,14160900,80.550003
2015-05-26,80.43,80.599998,79.080002,79.330002,16321300,79.330002
2015-05-22,80.349998,81.309998,80.25,80.540001,19567900,80.540001
2015-05-21,80.190002,80.919998,80.080002,80.480003,13402700,80.480003
2015-05-20,80.470001,81.099998,79.459999,80.550003,23056900,80.550003
2015-05-19,81.25,81.690002,80.550003,80.629997,17955400,80.629997
2015-05-18,80.330002,81.379997,80.230003,80.879997,21613700,80.879997
2015-05-15,81.410004,81.519997,80.18,80.419998,27069900,80.419998
2015-05-14,78.940002,81.849998,78.669998,81.370003,49438000,81.370003
2015-05-13,77.720001,78.529999,77.650002,78.440002,21512300,78.440002
2015-05-12,77.870003,77.889999,76.790001,77.459999,21285300,77.459999
2015-05-11,78.480003,79.029999,77.93,78.010002,18874100,78.010002
2015-05-08,79.099998,79.230003,78.029999,78.510002,19943600,78.510002
2015-05-07,78.00,78.940002,77.559998,78.43,19749400,78.43
2015-05-06,77.970001,78.809998,77.050003,78.099998,28663000,78.099998
2015-05-05,78.550003,78.800003,77.220001,77.559998,22311300,77.559998
2015-05-04,79.330002,79.690002,78.629997,78.809998,14692000,78.809998
2015-05-01,79.239998,79.760002,78.110001,78.989998,24136400,78.989998
2015-04-30,80.010002,80.959999,78.32,78.769997,28999000,78.769997
2015-04-29,80.010002,81.389999,79.519997,80.470001,26430300,80.470001
2015-04-28,81.830002,81.900002,80.230003,80.68,23775300,80.68
2015-04-27,81.870003,82.93,81.629997,81.910004,25446000,81.910004
2015-04-24,82.769997,82.940002,81.480003,81.529999,29660400,81.529999
2015-04-23,84.099998,85.589996,82.410004,82.410004,73728100,82.410004
2015-04-22,84.32,84.739998,83.650002,84.629997,45548000,84.629997
2015-04-21,84.00,84.489998,83.540001,83.620003,27171900,83.620003
2015-04-20,81.540001,83.150002,81.239998,83.089996,28796800,83.089996
2015-04-17,81.480003,82.110001,80.370003,80.779999,24215000,80.779999
2015-04-16,82.470001,83.07,82.150002,82.309998,13769700,82.309998
2015-04-15,83.550003,83.660004,82.269997,82.709999,22390900,82.709999
2015-04-14,83.169998,83.690002,82.440002,83.519997,19634200,83.519997
2015-04-13,81.93,83.940002,81.919998,83.010002,26883100,83.010002
2015-04-10,82.209999,82.610001,81.910004,82.040001,12529700,82.040001
2015-04-09,82.50,82.800003,81.709999,82.169998,15927300,82.169998
2015-04-08,82.629997,83.099998,81.839996,82.279999,18966700,82.279999
2015-04-07,82.650002,83.419998,82.220001,82.32,17467000,82.32
2015-04-06,80.800003,82.809998,80.800003,82.440002,19062900,82.440002
2015-04-02,82.25,82.559998,81.440002,81.559998,19664100,81.559998
2015-04-01,82.50,82.720001,80.870003,81.669998,22058200,81.669998
2015-03-31,82.900002,83.50,82.209999,82.220001,19734300,82.220001
2015-03-30,83.809998,84.339996,82.410004,83.199997,24527700,83.199997
2015-03-27,83.379997,83.949997,82.879997,83.300003,18372600,83.300003
2015-03-26,82.720001,83.769997,82.139999,83.010002,32794800,83.010002
2015-03-25,85.50,85.519997,82.919998,82.919998,37436100,82.919998
2015-03-24,84.709999,86.07,84.519997,85.309998,32576500,85.309998
2015-03-23,83.919998,84.959999,83.300003,84.43,27357300,84.43
2015-03-20,83.389999,84.599998,83.07,83.800003,44466300,83.800003
2015-03-19,81.120003,83.00,81.00,82.75,42099500,82.75
2015-03-18,79.25,81.239998,79.169998,80.910004,36912400,80.910004
2015-03-17,78.360001,79.779999,78.339996,79.360001,22170000,79.360001
2015-03-16,77.959999,78.120003,77.360001,78.07,19305400,78.07
2015-03-13,78.599998,79.379997,77.68,78.050003,18557300,78.050003
2015-03-12,78.099998,79.050003,77.910004,78.93,16093300,78.93
2015-03-11,77.800003,78.43,77.260002,77.57,20215700,77.57
2015-03-10,78.50,79.260002,77.550003,77.550003,23067100,77.550003
2015-03-09,79.68,79.910004,78.629997,79.440002,18925100,79.440002
2015-03-06,80.900002,81.330002,79.830002,80.010002,24488600,80.010002
2015-03-05,81.230003,81.989998,81.050003,81.209999,27825700,81.209999
2015-03-04,79.300003,81.150002,78.849998,80.900002,28126700,80.900002
2015-03-03,79.610001,79.699997,78.519997,79.599998,18635000,79.599998
2015-03-02,79.00,79.860001,78.519997,79.75,21662500,79.75
2015-02-27,80.68,81.230003,78.620003,78.970001,30739200,78.970001
2015-02-26,79.879997,81.370003,79.720001,80.410004,31111900,80.410004
2015-02-25,78.50,80.199997,78.50,79.559998,25593800,79.559998
2015-02-24,78.50,79.480003,78.099998,78.449997,18897100,78.449997
2015-02-23,79.959999,80.190002,78.379997,78.839996,24139100,78.839996
2015-02-20,79.550003,80.339996,79.199997,79.900002,36931700,79.900002
2015-02-19,76.989998,79.839996,76.949997,79.419998,45851200,79.419998
2015-02-18,75.940002,76.900002,75.449997,76.709999,22426400,76.709999
2015-02-17,75.300003,76.910004,75.080002,75.599998,25254400,75.599998
2015-02-13,76.459999,76.480003,75.50,75.739998,18621900,75.739998
2015-02-12,76.860001,76.870003,75.889999,76.230003,17235000,76.230003
2015-02-11,75.089996,76.75,75.029999,76.510002,20877400,76.510002
2015-02-10,74.849998,75.339996,74.50,75.190002,15811300,75.190002
2015-02-09,74.050003,74.830002,73.449997,74.440002,16194300,74.440002
2015-02-06,75.68,75.699997,74.25,74.470001,21211000,74.470001
2015-02-05,75.709999,75.980003,75.209999,75.610001,15062600,75.610001
2015-02-04,75.089996,76.349998,75.010002,75.629997,20277400,75.629997
2015-02-03,75.190002,75.580002,73.860001,75.400002,26957700,75.400002
2015-02-02,76.110001,76.139999,73.75,74.989998,41955300,74.989998
2015-01-30,78.00,78.160004,75.75,75.910004,42649500,75.910004
2015-01-29,76.849998,78.019997,74.209999,78.00,61293500,78.00
2015-01-28,76.900002,77.639999,76.00,76.239998,53306400,76.239998
2015-01-27,76.709999,76.879997,75.629997,75.779999,20110000,75.779999
2015-01-26,77.980003,78.470001,77.290001,77.50,19260800,77.50
2015-01-23,77.650002,78.190002,77.040001,77.830002,16746500,77.830002
2015-01-22,77.169998,77.75,76.68,77.650002,19519500,77.650002
2015-01-21,76.160004,77.300003,75.849998,76.739998,25096700,76.739998
2015-01-20,75.720001,76.309998,74.82,76.239998,22821600,76.239998
2015-01-16,74.040001,75.32,73.839996,75.18,21791500,75.18
2015-01-15,76.400002,76.57,73.540001,74.050003,34134000,74.050003
2015-01-14,76.419998,77.199997,76.029999,76.279999,25741000,76.279999
2015-01-13,77.230003,78.080002,75.849998,76.449997,25179600,76.449997
2015-01-12,77.839996,78.00,76.209999,76.720001,19190200,76.720001
2015-01-09,78.199997,78.620003,77.199997,77.739998,21157000,77.739998
2015-01-08,76.739998,78.230003,76.080002,78.18,23961000,78.18
2015-01-07,76.760002,77.360001,75.82,76.150002,22045300,76.150002
2015-01-06,77.230003,77.589996,75.360001,76.150002,27399300,76.150002
2015-01-05,77.980003,79.25,76.860001,77.190002,26452200,77.190002
2015-01-02,78.580002,78.93,77.699997,78.449997,18177500,78.449997
2014-12-31,79.540001,79.800003,77.860001,78.019997,19935400,78.019997
2014-12-30,79.849998,80.589996,79.099998,79.220001,14370800,79.220001
2014-12-29,80.489998,80.959999,79.709999,80.019997,14134700,80.019997
2014-12-26,81.019997,81.279999,80.510002,80.779999,10647400,80.779999
2014-12-24,81.029999,81.43,80.75,80.769997,7685500,80.769997
2014-12-23,82.019997,82.169998,80.400002,80.610001,19865800,80.610001
2014-12-22,80.080002,81.889999,80.00,81.449997,31395800,81.449997
2014-12-19,78.75,80.00,78.330002,79.879997,43335000,79.879997
2014-12-18,76.889999,78.400002,76.510002,78.400002,34222100,78.400002
2014-12-17,75.010002,76.410004,74.900002,76.110001,29203900,76.110001
2014-12-16,76.190002,77.389999,74.589996,74.690002,31554600,74.690002
2014-12-15,78.459999,78.580002,76.559998,76.989998,29396500,76.989998
2014-12-12,77.160004,78.879997,77.019997,77.830002,28091600,77.830002
2014-12-11,76.519997,78.519997,76.480003,77.730003,33462100,77.730003
2014-12-10,76.650002,77.550003,76.07,76.18,32210500,76.18
2014-12-09,75.199997,76.93,74.779999,76.839996,25358600,76.839996
2014-12-08,76.18,77.25,75.400002,76.519997,25733900,76.519997
2014-12-05,75.800003,76.760002,75.360001,76.360001,24306400,76.360001
2014-12-04,74.830002,75.550003,74.660004,75.239998,14362800,75.239998
2014-12-03,75.379997,75.730003,74.400002,74.879997,16689900,74.879997
2014-12-02,75.330002,75.910004,75.040001,75.459999,16773900,75.459999
2014-12-01,77.260002,77.309998,74.800003,75.099998,31789900,75.099998
2014-11-28,77.669998,78.269997,77.230003,77.699997,15992000,77.699997
2014-11-26,75.529999,77.779999,75.510002,77.620003,32695300,77.620003
2014-11-25,74.209999,75.739998,74.129997,75.629997,32250200,75.629997
2014-11-24,73.540001,74.349998,73.349998,74.010002,22103800,74.010002
2014-11-21,74.50,74.50,73.50,73.75,23060400,73.75
2014-11-20,72.800003,73.989998,72.510002,73.599998,19154900,73.599998
2014-11-19,74.010002,74.540001,73.110001,73.330002,25441200,73.330002
2014-11-18,74.449997,74.800003,73.900002,74.339996,20690500,74.339996
2014-11-17,74.879997,75.660004,73.879997,74.239998,28701200,74.239998
2014-11-14,74.269997,74.93,74.040001,74.879997,19476900,74.879997
2014-11-13,74.739998,75.239998,73.639999,74.25,26448500,74.25
2014-11-12,74.279999,75.139999,73.540001,74.720001,26536600,74.720001
2014-11-11,74.949997,74.980003,74.029999,74.610001,18715700,74.610001
2014-11-10,75.360001,75.480003,74.610001,75.00,21575100,75.00
2014-11-07,75.389999,75.860001,75.019997,75.599998,20774000,75.599998
2014-11-06,74.889999,75.599998,74.309998,75.260002,21383000,75.260002
2014-11-05,76.510002,76.800003,74.419998,74.830002,35913000,74.830002
2014-11-04,74.230003,75.769997,73.650002,75.760002,39326000,75.760002
2014-11-03,75.470001,75.519997,73.699997,73.879997,40727000,73.879997
2014-10-31,74.93,75.699997,74.449997,74.989998,44544000,74.989998
2014-10-30,75.050003,75.349998,72.900002,74.110001,83270000,74.110001
2014-10-29,75.449997,76.879997,74.779999,75.860001,106120000,75.860001
2014-10-28,80.18,81.160004,79.57,80.769997,74212000,80.769997
2014-10-27,80.739998,80.800003,79.760002,80.279999,30169000,80.279999
2014-10-24,80.199997,80.82,79.32,80.669998,32248000,80.669998
2014-10-23,79.379997,80.629997,79.010002,80.040001,35056000,80.040001
2014-10-22,78.82,79.849998,78.010002,78.370003,41862000,78.370003
2014-10-21,77.559998,78.739998,77.150002,78.690002,32252000,78.690002
2014-10-20,75.599998,77.089996,75.379997,76.949997,34701000,76.949997
2014-10-17,74.230003,76.00,73.75,75.949997,76342000,75.949997
2014-10-16,70.790001,73.349998,70.580002,72.629997,53529000,72.629997
2014-10-15,71.690002,73.800003,70.32,73.209999,61528000,73.209999
2014-10-14,74.00,74.18,72.050003,73.589996,50299000,73.589996
2014-10-13,73.230003,74.779999,72.519997,72.989998,43938000,72.989998
2014-10-10,75.589996,76.50,72.760002,72.910004,52146000,72.910004
2014-10-09,77.279999,77.760002,75.849998,75.910004,32487000,75.910004
2014-10-08,76.18,77.709999,75.099998,77.519997,32976000,77.519997
2014-10-07,77.050003,77.949997,76.239998,76.290001,25317000,76.290001
2014-10-06,77.190002,77.889999,76.849998,77.559998,25729000,77.559998
2014-10-03,77.760002,78.059998,77.260002,77.440002,23340000,77.440002
2014-10-02,76.57,77.480003,75.639999,77.080002,36488000,77.080002
2014-10-01,78.779999,78.82,75.900002,76.550003,55090000,76.550003
2014-09-30,79.349998,79.709999,78.599998,79.040001,35899000,79.040001
2014-09-29,78.120003,79.199997,77.910004,79.00,34031000,79.00
2014-09-26,77.589996,78.839996,77.330002,78.790001,28872000,78.790001
2014-09-25,78.599998,78.940002,77.129997,77.220001,37533000,77.220001
2014-09-24,78.099998,78.620003,77.510002,78.540001,30680000,78.540001
2014-09-23,76.330002,78.629997,76.040001,78.290001,36814000,78.290001
2014-09-22,77.00,77.529999,75.949997,76.800003,31961000,76.800003
2014-09-19,77.400002,78.300003,76.440002,77.910004,76671000,77.910004
2014-09-18,76.769997,77.330002,76.519997,77.00,23031000,77.00
2014-09-17,75.959999,77.25,75.57,76.43,28693000,76.43
2014-09-16,73.519997,76.230003,73.07,76.080002,37742000,76.080002
2014-09-15,77.150002,77.25,73.43,74.580002,49679000,74.580002
2014-09-12,78.019997,78.300003,77.099998,77.480003,26676800,77.480003
2014-09-11,77.129997,78.360001,77.050003,77.919998,32219000,77.919998
2014-09-10,76.519997,77.949997,76.510002,77.43,29909000,77.43
2014-09-09,77.589996,78.169998,76.199997,76.669998,28882000,76.669998
2014-09-08,77.260002,78.169998,77.010002,77.889999,28183000,77.889999
2014-09-05,76.099998,77.379997,75.599998,77.260002,29476000,77.260002
2014-09-04,75.889999,76.93,75.529999,75.949997,26676000,75.949997
2014-09-03,77.139999,77.480003,75.599998,75.830002,32389000,75.830002
2014-09-02,75.010002,76.699997,74.82,76.68,34979000,76.68
2014-08-29,74.300003,74.82,74.010002,74.82,26241000,74.82
2014-08-28,74.00,74.43,73.730003,73.860001,21947000,73.860001
2014-08-27,75.269997,75.489998,74.459999,74.629997,36323000,74.629997
2014-08-26,75.00,75.989998,74.730003,75.959999,23993000,75.959999
2014-08-25,74.940002,75.279999,74.790001,75.019997,19734000,75.019997
2014-08-22,74.339996,74.730003,73.57,74.57,20897000,74.57
2014-08-21,74.919998,75.190002,74.410004,74.57,20102000,74.57
2014-08-20,74.970001,75.18,74.620003,74.809998,22917000,74.809998
2014-08-19,74.809998,75.580002,74.510002,75.290001,26679000,75.290001
2014-08-18,74.00,74.720001,73.959999,74.589996,23974000,74.589996
2014-08-15,74.32,74.650002,73.00,73.629997,38846600,73.629997
2014-08-14,73.970001,74.379997,73.690002,74.300003,22207000,74.300003
2014-08-13,73.120003,74.25,73.050003,73.769997,29266000,73.769997
2014-08-12,73.089996,73.330002,72.220001,72.830002,27419000,72.830002
2014-08-11,73.459999,73.910004,73.059998,73.440002,24591000,73.440002
2014-08-08,73.400002,73.43,72.559998,73.059998,27202000,73.059998
2014-08-07,73.00,74.00,72.699997,73.169998,38141000,73.169998
2014-08-06,72.019997,73.720001,71.790001,72.470001,30986000,72.470001
2014-08-05,73.199997,73.589996,72.18,72.690002,34986000,72.690002
2014-08-04,72.360001,73.879997,72.360001,73.510002,30777000,73.510002
2014-08-01,72.220001,73.220001,71.550003,72.360001,43535000,72.360001
2014-07-31,74.00,74.169998,72.440002,72.650002,43992000,72.650002
2014-07-30,74.209999,75.190002,74.129997,74.68,36853000,74.68
2014-07-29,74.720001,74.919998,73.419998,73.709999,41324000,73.709999
2014-07-28,75.169998,75.50,73.849998,74.919998,41725000,74.919998
2014-07-25,74.989998,75.669998,74.660004,75.190002,45917000,75.190002
2014-07-24,75.959999,76.739998,74.510002,74.980003,124168000,74.980003
2014-07-23,69.739998,71.330002,69.610001,71.290001,78435000,71.290001
2014-07-22,69.760002,69.769997,68.610001,69.269997,40398000,69.269997
2014-07-21,68.809998,69.959999,68.50,69.400002,49539000,69.400002
2014-07-18,66.800003,68.459999,66.160004,68.419998,42456000,68.419998
2014-07-17,67.029999,67.849998,66.040001,66.410004,38188000,66.410004
2014-07-16,67.540001,67.940002,67.07,67.660004,29541600,67.660004
2014-07-15,67.959999,68.089996,66.260002,67.169998,44213200,67.169998
2014-07-14,67.129997,68.169998,66.900002,67.900002,38537000,67.900002
2014-07-11,65.279999,66.589996,64.790001,66.339996,39212000,66.339996
2014-07-10,63.310001,65.339996,63.049999,64.870003,44422000,64.870003
2014-07-09,63.41,65.120003,63.150002,64.970001,51432000,64.970001
2014-07-08,65.059998,65.559998,62.209999,62.759998,68926000,62.759998
2014-07-07,66.300003,66.57,65.120003,65.290001,28745000,65.290001
2014-07-03,66.860001,67.00,65.760002,66.290001,25203200,66.290001
2014-07-02,68.040001,68.300003,65.790001,66.449997,41895000,66.449997
2014-07-01,67.580002,68.440002,67.389999,68.059998,33243000,68.059998
2014-06-30,67.459999,67.919998,67.129997,67.290001,27102800,67.290001
2014-06-27,67.309998,67.699997,66.839996,67.599998,46461000,67.599998
2014-06-26,68.00,68.00,66.900002,67.129997,47714000,67.129997
2014-06-25,65.580002,67.480003,65.57,67.440002,44308000,67.440002
2014-06-24,65.360001,67.169998,65.269997,65.720001,57335000,65.720001
2014-06-23,64.32,65.660004,64.220001,65.370003,34560000,65.370003
2014-06-20,64.459999,64.809998,63.349998,64.50,46466000,64.50
2014-06-19,65.459999,65.580002,64.209999,64.339996,34245000,64.339996
2014-06-18,64.489998,65.75,64.050003,65.599998,35570000,65.599998
2014-06-17,64.099998,64.879997,63.93,64.400002,27715000,64.400002
2014-06-16,64.160004,64.879997,63.75,64.190002,31046000,64.190002
2014-06-13,64.699997,64.970001,63.830002,64.50,29419000,64.50
2014-06-12,65.849998,66.470001,64.059998,64.290001,55730000,64.290001
2014-06-11,65.32,65.800003,64.900002,65.779999,44242000,65.779999
2014-06-10,63.529999,65.82,63.50,65.769997,69338000,65.769997
2014-06-09,62.400002,63.34,61.790001,62.880001,37617000,62.880001
2014-06-06,63.369999,63.48,62.150002,62.50,42442000,62.50
2014-06-05,63.66,64.360001,62.82,63.189999,47352000,63.189999
2014-06-04,62.450001,63.59,62.07,63.34,36514000,63.34
2014-06-03,62.619999,63.419998,62.32,62.869999,32217000,62.869999
2014-06-02,63.23,63.59,62.049999,63.080002,35996000,63.080002
2014-05-30,63.950001,64.169998,62.560001,63.299999,45253500,63.299999
2014-05-29,63.84,64.300003,63.509998,63.830002,42700000,63.830002
2014-05-28,63.389999,64.139999,62.619999,63.509998,47795000,63.509998
2014-05-27,61.619999,63.509998,61.57,63.48,55682000,63.48
2014-05-23,60.41,61.450001,60.150002,61.349998,38294000,61.349998
2014-05-22,60.939999,61.48,60.400002,60.52,54200000,60.52
2014-05-21,58.560001,60.50,58.25,60.490002,58992000,60.490002
2014-05-20,59.50,60.189999,58.18,58.560001,53931000,58.560001
2014-05-19,57.889999,59.560001,57.57,59.209999,43034000,59.209999
2014-05-16,58.310001,58.450001,57.310001,58.02,47933000,58.02
2014-05-15,59.259998,59.380001,57.52,57.919998,56814000,57.919998
2014-05-14,59.529999,60.450001,58.950001,59.23,47429000,59.23
2014-05-13,59.66,60.889999,59.509998,59.830002,48525000,59.830002
2014-05-12,57.98,59.900002,57.98,59.830002,48575000,59.830002
2014-05-09,56.849998,57.650002,56.380001,57.240002,52584000,57.240002
2014-05-08,57.23,58.82,56.50,56.759998,61251000,56.759998
2014-05-07,58.77,59.299999,56.259998,57.389999,78587000,57.389999
2014-05-06,60.98,61.150002,58.490002,58.529999,55901000,58.529999
2014-05-05,59.669998,61.349998,59.18,61.220001,46057000,61.220001
2014-05-02,61.299999,61.889999,60.18,60.459999,54189000,60.459999
2014-05-01,60.43,62.279999,60.209999,61.150002,82429000,61.150002
2014-04-30,57.580002,59.849998,57.16,59.779999,76093000,59.779999
2014-04-29,56.09,58.279999,55.84,58.150002,75557000,58.150002
2014-04-28,58.049999,58.310001,54.66,56.139999,107758000,56.139999
2014-04-25,59.970001,60.009998,57.57,57.709999,92502000,57.709999
2014-04-24,63.599998,63.650002,59.77,60.869999,138769000,60.869999
2014-04-23,63.450001,63.48,61.259998,61.360001,95908700,61.360001
2014-04-22,62.650002,63.439999,62.220001,63.029999,60631000,63.029999
2014-04-21,59.459999,61.240002,59.150002,61.240002,60364000,61.240002
2014-04-17,59.299999,60.580002,58.720001,58.939999,88040000,58.939999
2014-04-16,59.790001,60.189999,57.740002,59.720001,78774000,59.720001
2014-04-15,59.290001,59.68,55.880001,59.09,108623000,59.09
2014-04-14,60.09,60.450001,57.779999,58.889999,72325000,58.889999
2014-04-11,57.599998,60.310001,57.310001,58.529999,91452000,58.529999
2014-04-10,63.080002,63.18,58.68,59.16,114988000,59.16
2014-04-09,59.630001,62.459999,59.189999,62.41,100215000,62.41
2014-04-08,57.68,58.709999,57.169998,58.189999,78836000,58.189999
2014-04-07,55.900002,58.00,55.439999,56.950001,108488000,56.950001
2014-04-04,59.939999,60.200001,56.32,56.75,125214400,56.75
2014-04-03,62.549999,63.169998,59.130001,59.490002,83859000,59.490002
2014-04-02,63.209999,63.91,62.209999,62.720001,66277000,62.720001
2014-04-01,60.459999,62.66,60.240002,62.619999,59291000,62.619999
2014-03-31,60.779999,61.52,59.869999,60.240002,53011000,60.240002
2014-03-28,61.34,61.950001,59.34,60.009998,67052000,60.009998
2014-03-27,60.509998,61.900002,57.98,60.970001,112650000,60.970001
2014-03-26,64.739998,64.949997,60.369999,60.389999,97503900,60.389999
2014-03-25,64.889999,66.190002,63.779999,64.889999,68786000,64.889999
2014-03-24,67.190002,67.360001,63.360001,64.099998,85696000,64.099998
2014-03-21,67.529999,67.919998,66.18,67.239998,59999900,67.239998
2014-03-20,68.010002,68.230003,66.82,66.970001,44439000,66.970001
2014-03-19,69.169998,69.290001,67.470001,68.239998,43981000,68.239998
2014-03-18,68.760002,69.599998,68.300003,69.190002,40827000,69.190002
2014-03-17,68.18,68.949997,66.620003,68.739998,52197000,68.739998
2014-03-14,68.489998,69.43,67.459999,67.720001,48227000,67.720001
2014-03-13,71.290001,71.349998,68.150002,68.830002,57091000,68.830002
2014-03-12,69.860001,71.349998,69.00,70.879997,46340500,70.879997
2014-03-11,72.50,72.589996,69.959999,70.099998,59408300,70.099998
2014-03-10,70.769997,72.150002,70.510002,72.029999,59871600,72.029999
2014-03-07,71.080002,71.18,69.470001,69.800003,38927000,69.800003
2014-03-06,71.879997,71.889999,70.25,70.839996,46026500,70.839996
2014-03-05,69.690002,71.970001,69.620003,71.57,74567700,71.57
2014-03-04,68.660004,68.900002,67.620003,68.800003,42013500,68.800003
2014-03-03,66.959999,68.050003,66.510002,67.410004,56824100,67.410004
2014-02-28,69.470001,69.879997,67.379997,68.459999,66783700,68.459999
2014-02-27,69.339996,70.010002,68.870003,68.940002,41653700,68.940002
2014-02-26,70.190002,71.220001,68.849998,69.260002,55322700,69.260002
2014-02-25,70.949997,71.00,69.449997,69.849998,52077000,69.849998
2014-02-24,68.739998,71.440002,68.540001,70.779999,76620300,70.779999
2014-02-21,69.690002,69.959999,68.449997,68.589996,70932400,68.589996
2014-02-20,67.730003,70.110001,65.730003,69.629997,130928900,69.629997
2014-02-19,67.050003,69.080002,67.00,68.059998,62087100,68.059998
2014-02-18,66.940002,67.540001,66.07,67.300003,43809900,67.300003
2014-02-14,67.50,67.580002,66.720001,67.089996,36694900,67.089996
2014-02-13,64.18,67.330002,64.050003,67.330002,61911700,67.330002
2014-02-12,64.919998,65.059998,64.050003,64.449997,47282100,64.449997
2014-02-11,63.75,65.00,63.349998,64.849998,45675600,64.849998
2014-02-10,64.300003,64.489998,63.470001,63.549999,43666100,63.549999
2014-02-07,62.27,64.57,62.220001,64.32,60704300,64.32
2014-02-06,61.459999,62.779999,61.459999,62.16,42086500,62.16
2014-02-05,62.740002,63.16,61.27,62.189999,51685100,62.189999
2014-02-04,62.049999,63.139999,61.82,62.75,45985500,62.75
2014-02-03,63.029999,63.77,60.700001,61.48,74866600,61.48
2014-01-31,60.470001,63.369999,60.169998,62.57,87794600,62.57
2014-01-30,62.119999,62.50,60.459999,61.080002,150178900,61.080002
2014-01-29,54.610001,54.950001,53.189999,53.529999,92995600,53.529999
2014-01-28,54.02,55.279999,54.00,55.139999,48191200,55.139999
2014-01-27,54.73,54.939999,51.849998,53.549999,73924100,53.549999
2014-01-24,56.150002,56.419998,54.400002,54.450001,55200700,54.450001
2014-01-23,56.369999,56.68,55.689999,56.630001,47951800,56.630001
2014-01-22,58.849998,59.310001,57.099998,57.509998,61352900,57.509998
2014-01-21,56.599998,58.580002,56.50,58.509998,48669200,58.509998
2014-01-17,57.299999,57.82,56.07,56.299999,40849200,56.299999
2014-01-16,57.259998,58.02,56.830002,57.189999,34541800,57.189999
2014-01-15,57.98,58.57,57.27,57.599998,33663400,57.599998
2014-01-14,56.459999,57.779999,56.099998,57.740002,37503600,57.740002
2014-01-13,57.91,58.25,55.380001,55.91,63010900,55.91
2014-01-10,57.130001,58.299999,57.060001,57.939999,42449500,57.939999
2014-01-09,58.650002,58.959999,56.650002,57.220001,92253300,57.220001
2014-01-08,57.599998,58.41,57.23,58.23,56682400,58.23
2014-01-07,57.700001,58.549999,57.220001,57.919998,77207400,57.919998
2014-01-06,54.419998,57.259998,54.049999,57.200001,68852600,57.200001
2014-01-03,55.02,55.650002,54.529999,54.560001,38246200,54.560001
2014-01-02,54.830002,55.220001,54.189999,54.709999,43195500,54.709999
2013-12-31,54.119999,54.860001,53.91,54.650002,43076200,54.650002
2013-12-30,54.93,55.18,53.43,53.709999,68307000,53.709999
2013-12-27,57.48,57.68,55.25,55.439999,60466000,55.439999
2013-12-26,58.32,58.380001,57.369999,57.73,55101000,57.73
2013-12-24,58.27,58.580002,56.91,57.959999,46617800,57.959999
2013-12-23,55.50,58.32,55.450001,57.77,98297000,57.77
2013-12-20,54.93,55.150002,54.23,55.119999,239824000,55.119999
2013-12-19,54.330002,55.189999,53.950001,55.049999,89753200,55.049999
2013-12-18,54.860001,55.889999,53.75,55.57,76003000,55.57
2013-12-17,54.759998,55.18,54.240002,54.860001,78751000,54.860001
2013-12-16,53.25,54.50,52.91,53.810001,85119000,53.810001
2013-12-13,51.66,53.50,51.34,53.32,82641000,53.32
2013-12-12,51.049999,52.07,50.66,51.830002,92723000,51.830002
2013-12-11,50.549999,50.77,49.009998,49.380001,65776000,49.380001
2013-12-10,48.639999,50.77,48.540001,50.25,68479000,50.25
2013-12-09,48.09,48.970001,47.740002,48.84,36056000,48.84
2013-12-06,48.98,49.389999,47.709999,47.939999,42938000,47.939999
2013-12-05,48.150002,48.700001,47.869999,48.34,43855000,48.34
2013-12-04,46.459999,48.77,46.259998,48.619999,60890000,48.619999
2013-12-03,46.75,47.200001,46.290001,46.73,32086000,46.73
2013-12-02,46.900002,47.540001,46.259998,47.060001,50774000,47.060001
2013-11-29,46.75,47.209999,46.50,47.009998,22953900,47.009998
2013-11-27,45.970001,46.669998,45.529999,46.490002,44993000,46.490002
2013-11-26,44.66,46.169998,43.549999,45.889999,82016000,45.889999
2013-11-25,46.360001,46.650002,44.040001,44.82,82565000,44.82
2013-11-22,47.040001,47.27,45.959999,46.23,40545000,46.23
2013-11-21,46.990002,47.459999,46.689999,46.700001,34886000,46.700001
2013-11-20,46.610001,47.549999,46.310001,46.43,53933000,46.43
2013-11-19,46.259998,47.00,45.720001,46.360001,75602000,46.360001
2013-11-18,48.470001,48.84,45.799999,45.830002,85910000,45.830002
2013-11-15,49.110001,49.48,48.709999,49.009998,42453000,49.009998
2013-11-14,48.700001,49.57,48.029999,48.990002,75117000,48.990002
2013-11-13,46.23,48.740002,46.060001,48.709999,79245000,48.709999
2013-11-12,46.00,47.369999,45.830002,46.610001,68196000,46.610001
2013-11-11,47.040001,47.529999,45.73,46.200001,80910000,46.200001
2013-11-08,47.810001,48.650002,47.25,47.529999,70731000,47.529999
2013-11-07,49.240002,49.869999,47.299999,47.560001,97128000,47.560001
2013-11-06,50.259998,50.450001,48.709999,49.119999,67889000,49.119999
2013-11-05,47.790001,50.18,47.509998,50.110001,76835000,50.110001
2013-11-04,49.369999,49.75,48.02,48.220001,80371000,48.220001
2013-11-01,50.849998,52.09,49.720001,49.75,95033000,49.75
2013-10-31,47.16,52.00,46.50,50.209999,248809000,50.209999
2013-10-30,50.00,50.209999,48.75,49.009998,127073000,49.009998
2013-10-29,50.73,50.790001,49.25,49.400002,102143000,49.400002
2013-10-28,51.540001,51.700001,49.610001,50.23,73472000,50.23
2013-10-25,53.18,53.240002,51.880001,51.950001,45085000,51.950001
2013-10-24,52.380001,52.84,51.59,52.450001,46775000,52.450001
2013-10-23,51.75,52.25,51.130001,51.900002,57207000,51.900002
2013-10-22,54.330002,54.759998,52.200001,52.68,83204000,52.68
2013-10-21,54.68,54.810001,53.509998,53.849998,58235000,53.849998
2013-10-18,54.18,54.830002,53.599998,54.220001,88260000,54.220001
2013-10-17,51.119999,52.220001,50.950001,52.209999,71522000,52.209999
2013-10-16,50.040001,51.240002,49.900002,51.139999,64678000,51.139999
2013-10-15,49.990002,51.00,49.18,49.50,81167000,49.50
2013-10-14,48.310001,49.630001,47.91,49.509998,68781000,49.509998
2013-10-11,49.18,49.869999,48.790001,49.110001,58428000,49.110001
2013-10-10,47.869999,49.68,47.830002,49.049999,99774000,49.049999
2013-10-09,47.380001,47.84,45.259998,46.77,147297000,46.77
2013-10-08,50.599998,50.599998,47.080002,47.139999,136081000,47.139999
2013-10-07,50.73,51.290001,50.400002,50.52,57204000,50.52
2013-10-04,49.77,51.16,49.57,51.040001,74447000,51.040001
2013-10-03,50.470001,50.720001,49.060001,49.18,82045000,49.18
2013-10-02,50.130001,51.099998,49.950001,50.279999,62834000,50.279999
2013-10-01,49.970001,51.029999,49.450001,50.419998,98114000,50.419998
2013-09-30,50.139999,51.599998,49.799999,50.23,100095000,50.23
2013-09-27,50.290001,51.279999,49.860001,51.240002,81410500,51.240002
2013-09-26,50.009998,50.599998,49.50,50.389999,98220100,50.389999
2013-09-25,49.23,49.540001,48.459999,49.459999,87879700,49.459999
2013-09-24,48.509998,49.66,48.16,48.450001,136716100,48.450001
2013-09-23,47.279999,47.549999,46.290001,47.189999,75177000,47.189999
2013-09-20,46.32,47.599998,45.740002,47.490002,115508400,47.490002
2013-09-19,45.509998,46.049999,45.23,45.98,63972400,45.98
2013-09-18,44.84,45.470001,44.400002,45.23,79317000,45.23
2013-09-17,42.50,45.439999,42.43,45.07,91934600,45.07
2013-09-16,44.849998,44.939999,42.43,42.509998,70424200,42.509998
2013-09-13,45.040001,45.080002,43.93,44.310001,52765300,44.310001
2013-09-12,45.529999,45.619999,44.650002,44.75,68072300,44.75
2013-09-11,43.389999,45.09,43.110001,45.040001,72328300,45.040001
2013-09-10,44.240002,44.259998,43.23,43.599998,54540300,43.599998
2013-09-09,44.360001,44.790001,43.700001,44.040001,75794700,44.040001
2013-09-06,43.09,44.610001,42.400002,43.950001,117535700,43.950001
2013-09-05,41.790001,42.77,41.77,42.66,50035400,42.66
2013-09-04,42.009998,42.169998,41.439999,41.779999,42581900,41.779999
2013-09-03,41.84,42.16,41.509998,41.869999,48774900,41.869999
2013-08-30,42.02,42.259998,41.060001,41.290001,67735100,41.290001
2013-08-29,40.889999,41.779999,40.799999,41.279999,58303400,41.279999
2013-08-28,39.959999,40.849998,39.880001,40.549999,57918200,40.549999
2013-08-27,40.68,41.200001,39.419998,39.639999,72695100,39.639999
2013-08-26,40.900002,41.939999,40.619999,41.34,94162400,41.34
2013-08-23,39.00,40.630001,38.93,40.549999,86442300,40.549999
2013-08-22,38.369999,38.75,38.34,38.549999,21931200,38.549999
2013-08-21,38.380001,38.849998,38.150002,38.32,46116900,38.32
2013-08-20,38.349998,38.580002,37.689999,38.41,57995200,38.41
2013-08-19,37.43,38.279999,37.139999,37.810001,57609600,37.810001
2013-08-16,36.970001,37.490002,36.900002,37.080002,45840800,37.080002
2013-08-15,36.360001,37.07,36.02,36.560001,56521100,36.560001
2013-08-14,36.830002,37.549999,36.619999,36.650002,48423900,36.650002
2013-08-13,38.240002,38.32,36.77,37.02,65379200,37.02
2013-08-12,38.200001,38.50,38.099998,38.220001,31161000,38.220001
2013-08-09,38.59,38.740002,38.009998,38.50,43532300,38.50
2013-08-08,39.130001,39.189999,38.43,38.540001,41301000,38.540001
2013-08-07,38.610001,38.939999,37.700001,38.869999,68854800,38.869999
2013-08-06,39.110001,39.25,37.939999,38.549999,63950800,38.549999
2013-08-05,38.43,39.32,38.25,39.189999,79994800,39.189999
2013-08-02,37.66,38.490002,37.50,38.049999,73058500,38.049999
2013-08-01,37.299999,38.290001,36.919998,37.490002,106066500,37.490002
2013-07-31,37.959999,38.310001,36.330002,36.799999,154828700,36.799999
2013-07-30,35.650002,37.959999,35.32,37.630001,173582800,37.630001
2013-07-29,34.07,35.630001,34.009998,35.43,124718800,35.43
2013-07-26,33.77,34.73,33.560001,34.009998,136028900,34.009998
2013-07-25,33.540001,34.880001,32.75,34.360001,365457900,34.360001
2013-07-24,26.32,26.530001,26.049999,26.51,82635600,26.51
2013-07-23,26.10,26.299999,25.969999,26.129999,28221600,26.129999
2013-07-22,25.99,26.129999,25.719999,26.049999,27526300,26.049999
2013-07-19,25.82,26.110001,25.60,25.879999,46539700,25.879999
2013-07-18,26.75,26.77,26.120001,26.18,24806900,26.18
2013-07-17,26.370001,26.780001,26.299999,26.65,21518500,26.65
2013-07-16,26.389999,26.75,26.01,26.32,30817600,26.32
2013-07-15,25.93,26.43,25.65,26.280001,24234000,26.280001
2013-07-12,25.74,25.93,25.549999,25.91,16537900,25.91
2013-07-11,25.959999,26.00,25.450001,25.809999,26777400,25.809999
2013-07-10,25.58,25.83,25.469999,25.799999,26721800,25.799999
2013-07-09,25.07,25.49,25.030001,25.48,30387900,25.48
2013-07-08,24.469999,25.040001,24.42,24.709999,27064600,24.709999
2013-07-05,24.65,24.66,24.200001,24.370001,20229500,24.370001
2013-07-03,24.219999,24.709999,24.15,24.52,10404400,24.52
2013-07-02,24.700001,24.77,24.299999,24.41,18394100,24.41
2013-07-01,24.969999,25.059999,24.620001,24.809999,20582200,24.809999
2013-06-28,24.68,24.98,24.42,24.879999,96778900,24.879999
2013-06-27,24.24,24.84,24.209999,24.66,34694100,24.66
2013-06-26,24.51,24.65,23.99,24.16,29890300,24.16
2013-06-25,24.139999,24.43,24.040001,24.25,24713200,24.25
2013-06-24,23.950001,24.110001,23.379999,23.940001,40626000,23.940001
2013-06-21,24.59,24.700001,24.049999,24.530001,45833900,24.530001
2013-06-20,24.280001,24.75,23.65,23.90,42765600,23.90
2013-06-19,24.200001,25.190001,24.10,24.309999,31790600,24.309999
2013-06-18,24.09,24.690001,24.08,24.209999,36709100,24.209999
2013-06-17,23.91,24.25,23.75,24.02,33664500,24.02
2013-06-14,23.559999,23.889999,23.26,23.629999,30677100,23.629999
2013-06-13,23.719999,23.83,23.27,23.73,31189300,23.73
2013-06-12,24.16,24.26,23.58,23.77,26445800,23.77
2013-06-11,24.030001,24.35,24.00,24.030001,29885900,24.030001
2013-06-10,24.059999,24.60,23.99,24.33,58393000,24.33
2013-06-07,23.030001,23.40,22.860001,23.290001,38699200,23.290001
2013-06-06,22.99,23.09,22.67,22.969999,31260700,22.969999
2013-06-05,23.35,23.709999,22.790001,22.90,53819700,22.90
2013-06-04,23.889999,23.93,23.32,23.52,34760800,23.52
2013-06-03,24.27,24.32,23.709999,23.85,35733800,23.85
2013-05-31,24.629999,24.950001,24.27,24.35,35925000,24.35
2013-05-30,24.129999,24.780001,23.93,24.549999,60733200,24.549999
2013-05-29,23.790001,23.809999,23.26,23.32,64237800,23.32
2013-05-28,24.540001,24.540001,23.92,24.10,50079700,24.10
2013-05-24,24.969999,24.969999,24.08,24.309999,58727900,24.309999
2013-05-23,24.799999,25.530001,24.77,25.059999,37663100,25.059999
2013-05-22,25.65,25.85,24.92,25.16,45314500,25.16
2013-05-21,25.870001,26.08,25.59,25.66,26261300,25.66
2013-05-20,26.18,26.190001,25.690001,25.76,42402900,25.76
2013-05-17,26.40,26.60,26.200001,26.25,29462700,26.25
2013-05-16,26.48,26.549999,25.90,26.129999,35499100,26.129999
2013-05-15,26.92,26.99,26.40,26.60,30299800,26.60
2013-05-14,26.889999,27.280001,26.82,27.07,24930300,27.07
2013-05-13,26.60,27.33,26.530001,26.82,29068800,26.82
2013-05-10,27.139999,27.299999,26.57,26.68,30847100,26.68
2013-05-09,27.08,27.549999,26.85,27.040001,33457200,27.040001
2013-05-08,26.879999,27.299999,26.65,27.120001,34654900,27.120001
2013-05-07,27.549999,27.85,26.85,26.889999,41259100,26.889999
2013-05-06,28.33,28.459999,27.48,27.57,43939400,27.57
2013-05-03,29.040001,29.07,28.15,28.309999,58506400,28.309999
2013-05-02,28.01,29.02,27.98,28.969999,104257000,28.969999
2013-05-01,27.85,27.92,27.309999,27.43,64567600,27.43
2013-04-30,27.129999,27.85,27.01,27.77,36245700,27.77
2013-04-29,27.16,27.41,26.860001,26.98,29201100,26.98
2013-04-26,26.60,27.620001,26.60,26.85,33018000,26.85
2013-04-25,26.07,26.40,26.00,26.139999,17150000,26.139999
2013-04-24,25.93,26.40,25.799999,26.110001,19729900,26.110001
2013-04-23,26.219999,26.33,25.77,25.98,25191500,25.98
2013-04-22,25.809999,26.360001,25.700001,25.969999,25687600,25.969999
2013-04-19,25.620001,25.959999,25.33,25.73,20380900,25.73
2013-04-18,26.82,26.82,25.15,25.690001,39059000,25.690001
2013-04-17,26.65,27.200001,26.389999,26.629999,26440600,26.629999
2013-04-16,26.809999,27.110001,26.40,26.92,27365900,26.92
2013-04-15,27.16,27.48,26.360001,26.52,30275400,26.52
2013-04-12,28.00,28.00,27.24,27.40,28697400,27.40
2013-04-11,27.48,28.10,27.25,28.02,33368500,28.02
2013-04-10,27.01,27.84,26.90,27.57,45949400,27.57
2013-04-09,26.58,26.889999,26.42,26.59,21311100,26.59
2013-04-08,27.190001,27.200001,26.629999,26.85,27256000,26.85
2013-04-05,26.860001,27.799999,26.610001,27.389999,64566600,27.389999
2013-04-04,26.620001,27.23,26.110001,27.07,82016800,27.07
2013-04-03,25.83,26.389999,25.700001,26.25,48195200,26.25
2013-04-02,25.77,26.120001,25.299999,25.42,35153300,25.42
2013-04-01,25.629999,25.889999,25.280001,25.530001,22249300,25.530001
2013-03-28,26.09,26.17,25.52,25.58,28585700,25.58
2013-03-27,25.00,26.280001,24.719999,26.09,52297400,26.09
2013-03-26,25.08,25.48,25.030001,25.209999,26957200,25.209999
2013-03-25,25.75,25.799999,25.08,25.129999,39199000,25.129999
2013-03-22,25.799999,26.01,25.629999,25.73,18456300,25.73
2013-03-21,25.66,26.110001,25.559999,25.74,24336100,25.74
2013-03-20,26.68,26.690001,25.780001,25.860001,44006500,25.860001
2013-03-19,26.530001,26.90,26.209999,26.549999,25254200,26.549999
2013-03-18,26.370001,26.790001,25.780001,26.49,26653700,26.49
2013-03-15,27.030001,27.059999,26.559999,26.65,31597400,26.65
2013-03-14,27.10,27.43,26.83,27.040001,27646400,27.040001
2013-03-13,27.620001,27.65,26.92,27.08,39619500,27.08
2013-03-12,28.10,28.32,27.60,27.83,27569600,27.83
2013-03-11,28.01,28.639999,27.83,28.139999,35642100,28.139999
2013-03-08,28.43,28.469999,27.73,27.959999,44198900,27.959999
2013-03-07,27.57,28.68,27.469999,28.58,74540200,28.58
2013-03-06,28.10,28.129999,27.35,27.450001,33532600,27.450001
2013-03-05,27.879999,28.18,27.209999,27.52,40622200,27.52
2013-03-04,27.76,28.059999,27.440001,27.719999,32400700,27.719999
2013-03-01,27.049999,28.120001,26.809999,27.780001,54064800,27.780001
2013-02-28,26.84,27.299999,26.34,27.25,83027800,27.25
2013-02-27,27.34,27.34,26.629999,26.870001,44319700,26.870001
2013-02-26,27.360001,27.459999,26.700001,27.389999,31611700,27.389999
2013-02-25,27.16,27.639999,27.15,27.27,34652000,27.27
2013-02-22,27.620001,27.629999,26.82,27.129999,36350200,27.129999
2013-02-21,28.280001,28.549999,27.15,27.280001,49642300,27.280001
2013-02-20,28.92,29.049999,28.33,28.459999,42098200,28.459999
2013-02-19,28.23,29.08,28.120001,28.93,49396400,28.93
2013-02-15,28.52,28.75,28.09,28.32,33109300,28.32
2013-02-14,28.02,28.629999,28.01,28.50,35615800,28.50
2013-02-13,27.360001,28.32,27.309999,27.91,50164000,27.91
2013-02-12,27.67,28.16,27.10,27.370001,93498700,27.370001
2013-02-11,28.610001,28.68,28.040001,28.26,37361800,28.26
2013-02-08,28.889999,29.17,28.51,28.549999,37708800,28.549999
2013-02-07,29.110001,29.15,28.27,28.65,34540100,28.65
2013-02-06,28.74,29.290001,28.66,29.049999,38375900,29.049999
2013-02-05,28.26,28.959999,28.040001,28.639999,47948200,28.639999
2013-02-04,29.059999,29.200001,28.01,28.110001,92362200,28.110001
2013-02-01,31.01,31.02,29.629999,29.73,85856700,29.73
2013-01-31,29.15,31.469999,28.74,30.98,190744900,30.98
2013-01-30,30.98,31.49,30.879999,31.24,87682100,31.24
2013-01-29,32.00,32.07,30.709999,30.790001,72976500,30.790001
2013-01-28,31.879999,32.509998,31.809999,32.470001,59682500,32.470001
2013-01-25,31.41,31.93,31.129999,31.540001,54363600,31.540001
2013-01-24,31.27,31.49,30.809999,31.08,43845100,31.08
2013-01-23,31.10,31.50,30.799999,30.82,48899800,30.82
2013-01-22,29.75,30.889999,29.74,30.73,55243300,30.73
2013-01-18,30.309999,30.440001,29.27,29.66,49631500,29.66
2013-01-17,30.08,30.42,30.030001,30.139999,40256700,30.139999
2013-01-16,30.209999,30.35,29.530001,29.85,75332700,29.85
2013-01-15,30.639999,31.709999,29.879999,30.10,173242600,30.10
2013-01-14,32.080002,32.209999,30.620001,30.950001,98892800,30.950001
2013-01-11,31.280001,31.959999,31.10,31.719999,89598000,31.719999
2013-01-10,30.60,31.450001,30.280001,31.299999,95316400,31.299999
2013-01-09,29.67,30.60,29.49,30.59,104787700,30.59
2013-01-08,29.51,29.60,28.860001,29.059999,45871300,29.059999
2013-01-07,28.690001,29.790001,28.65,29.42,83781800,29.42
2013-01-04,28.01,28.93,27.83,28.76,72715400,28.76
2013-01-03,27.879999,28.469999,27.59,27.77,63140600,27.77
2013-01-02,27.440001,28.18,27.42,28.00,69846400,28.00
2012-12-31,26.200001,26.99,26.110001,26.620001,60374500,26.620001
2012-12-28,25.48,26.110001,25.15,25.91,56574800,25.91
2012-12-27,26.549999,26.799999,25.52,26.049999,43481700,26.049999
2012-12-26,27.030001,27.18,26.379999,26.51,33175400,26.51
2012-12-24,26.50,26.959999,26.200001,26.93,28230100,26.93
2012-12-21,26.66,27.01,26.120001,26.26,54555200,26.26
2012-12-20,27.49,27.60,27.129999,27.360001,35574800,27.360001
2012-12-19,27.83,28.219999,26.950001,27.41,61390300,27.41
2012-12-18,26.959999,27.91,26.90,27.709999,60512900,27.709999
2012-12-17,26.77,27.00,26.32,26.75,57742500,26.75
2012-12-14,28.18,28.33,26.76,26.809999,91631600,26.809999
2012-12-13,27.59,28.75,27.43,28.24,81051600,28.24
2012-12-12,28.00,28.139999,27.370001,27.58,46704200,27.58
2012-12-11,28.07,28.24,27.66,27.98,77099100,27.98
2012-12-10,27.17,28.17,27.10,27.84,50608500,27.84
2012-12-07,27.07,27.780001,26.84,27.49,51751900,27.49
2012-12-06,27.68,27.75,26.82,26.969999,46001500,26.969999
2012-12-05,27.75,27.90,27.26,27.709999,58976300,27.709999
2012-12-04,27.059999,27.76,26.68,27.459999,72869200,27.459999
2012-12-03,28.00,28.879999,26.98,27.040001,123526100,27.040001
2012-11-30,27.26,28.00,26.76,28.00,127049600,28.00
2012-11-29,26.50,27.52,26.16,27.32,88759700,27.32
2012-11-28,25.940001,26.49,25.75,26.360001,49205600,26.360001
2012-11-27,26.040001,26.50,25.459999,26.15,85760600,26.15
2012-11-26,24.940001,26.09,24.809999,25.940001,123865000,25.940001
2012-11-23,24.58,24.68,23.879999,24.00,29520900,24.00
2012-11-21,23.219999,24.530001,23.049999,24.32,89862400,24.32
2012-11-20,22.73,23.90,22.700001,23.10,46655300,23.10
2012-11-19,23.959999,24.120001,22.82,22.92,85021300,22.92
2012-11-16,22.25,23.93,22.18,23.559999,107182200,23.559999
2012-11-15,22.34,22.50,21.65,22.17,78857700,22.17
2012-11-14,20.10,22.50,19.93,22.360001,229751000,22.360001
2012-11-13,19.610001,20.110001,19.559999,19.860001,71775100,19.860001
2012-11-12,19.15,20.17,18.870001,20.07,67349200,20.07
2012-11-09,19.959999,20.00,19.129999,19.209999,42295500,19.209999
2012-11-08,20.52,20.73,19.98,19.99,34254600,19.99
2012-11-07,20.85,20.950001,20.370001,20.469999,33396800,20.469999
2012-11-06,21.24,21.370001,20.99,21.17,29062700,21.17
2012-11-05,21.10,21.48,20.92,21.25,31806700,21.25
2012-11-02,21.26,21.690001,21.07,21.18,38344400,21.18
2012-11-01,21.08,21.440001,21.01,21.209999,37713900,21.209999
2012-10-31,20.82,21.50,20.73,21.110001,99378200,21.110001
2012-10-26,22.40,22.879999,21.879999,21.940001,73175800,21.940001
2012-10-25,23.290001,23.309999,22.469999,22.559999,76142000,22.559999
2012-10-24,24.129999,24.25,22.85,23.23,228949900,23.23
2012-10-23,19.25,19.799999,19.10,19.50,78381200,19.50
2012-10-22,19.200001,19.43,19.049999,19.32,32447300,19.32
2012-10-19,19.00,19.059999,18.799999,19.00,34835000,19.00
2012-10-18,19.700001,19.790001,18.889999,18.98,52157400,18.98
2012-10-17,19.50,20.48,19.370001,19.879999,44074500,19.879999
2012-10-16,19.68,19.690001,19.299999,19.48,21834700,19.48
2012-10-15,19.68,19.879999,19.49,19.52,20189700,19.52
2012-10-12,19.75,19.799999,19.48,19.52,18809400,19.52
2012-10-11,19.879999,19.959999,19.610001,19.75,21817300,19.75
2012-10-10,19.93,19.940001,19.450001,19.639999,39321800,19.639999
2012-10-09,20.389999,20.549999,19.969999,20.23,27161800,20.23
2012-10-08,20.40,20.75,20.16,20.40,32236700,20.40
2012-10-05,21.49,21.629999,20.879999,20.91,40529300,20.91
2012-10-04,22.32,22.40,21.41,21.950001,46892100,21.950001
2012-10-03,22.299999,22.49,21.799999,21.83,32000100,21.83
2012-10-02,22.08,22.49,21.82,22.27,29341400,22.27
2012-10-01,22.08,22.59,21.73,21.99,51262700,21.99
2012-09-28,20.57,21.950001,20.50,21.66,65486000,21.66
2012-09-27,20.99,21.00,20.16,20.32,30215900,20.32
2012-09-26,20.15,20.780001,19.799999,20.620001,38271900,20.620001
2012-09-25,21.200001,21.209999,20.219999,20.280001,46291700,20.280001
2012-09-24,21.780001,21.98,20.360001,20.790001,79106500,20.790001
2012-09-21,22.969999,23.24,22.60,22.860001,51218100,22.860001
2012-09-20,23.02,23.24,22.540001,22.59,57248900,22.59
2012-09-19,21.99,23.370001,21.77,23.290001,78782800,23.290001
2012-09-18,21.60,21.98,21.370001,21.870001,36760500,21.870001
2012-09-17,22.67,22.75,21.50,21.52,50667600,21.52
2012-09-14,21.129999,22.08,20.90,22.00,72819800,22.00
2012-09-13,20.959999,21.48,20.610001,20.709999,65041600,20.709999
2012-09-12,20.76,21.16,20.280001,20.93,121584000,20.93
2012-09-11,18.92,19.58,18.85,19.43,50508200,19.43
2012-09-10,19.059999,19.200001,18.549999,18.809999,24797800,18.809999
2012-09-07,19.10,19.42,18.780001,18.98,36371700,18.98
2012-09-06,18.74,19.26,18.719999,18.959999,46066500,18.959999
2012-09-05,18.27,18.75,18.18,18.58,60781800,18.58
2012-09-04,18.08,18.27,17.549999,17.73,46622400,17.73
2012-08-31,18.68,18.700001,18.030001,18.059999,58764200,18.059999
2012-08-30,19.27,19.450001,19.059999,19.09,30647500,19.09
2012-08-29,19.32,19.379999,19.07,19.10,16124700,19.10
2012-08-28,19.10,19.379999,18.950001,19.34,25417000,19.34
2012-08-27,19.49,19.530001,19.10,19.15,20704000,19.15
2012-08-24,19.52,19.68,19.25,19.41,29622200,19.41
2012-08-23,19.50,19.73,19.360001,19.440001,32813700,19.440001
2012-08-22,19.360001,19.530001,18.959999,19.440001,49892200,19.440001
2012-08-21,19.58,19.98,19.09,19.16,70640600,19.16
2012-08-20,19.049999,20.129999,18.75,20.01,101186600,20.01
2012-08-17,20.01,20.08,19.00,19.049999,129293400,19.049999
2012-08-16,20.440001,20.48,19.690001,19.870001,157565300,19.870001
2012-08-15,20.639999,21.41,20.40,21.200001,47861100,21.200001
2012-08-14,21.41,21.60,20.25,20.379999,39308800,20.379999
2012-08-13,22.15,22.450001,21.40,21.60,24973100,21.60
2012-08-10,21.41,21.82,21.129999,21.809999,25794700,21.809999
2012-08-09,20.75,21.17,20.610001,21.01,15610700,21.01
2012-08-08,20.709999,21.15,20.219999,20.719999,29537400,20.719999
2012-08-07,22.200001,22.450001,20.50,20.719999,36782900,20.719999
2012-08-06,21.389999,22.15,21.299999,21.92,27778900,21.92
2012-08-03,20.360001,22.16,19.90,21.09,80647000,21.09
2012-08-02,20.77,20.84,19.82,20.040001,56374500,20.040001
2012-08-01,21.50,21.58,20.84,20.879999,44604400,20.879999
2012-07-31,23.370001,23.370001,21.610001,21.709999,56179400,21.709999
2012-07-30,24.00,24.040001,23.030001,23.15,29285900,23.15
2012-07-27,23.190001,24.540001,22.280001,23.709999,123102300,23.709999
2012-07-26,27.75,28.23,26.73,26.85,64597400,26.85
2012-07-25,28.389999,29.49,28.08,29.34,17230200,29.34
2012-07-24,28.82,29.450001,28.10,28.450001,11539800,28.450001
2012-07-23,28.120001,29.00,28.01,28.75,12390700,28.75
2012-07-20,29.00,29.469999,28.719999,28.76,11869100,28.76
2012-07-19,29.41,29.50,28.629999,29.00,13685100,29.00
2012-07-18,28.309999,29.290001,28.15,29.110001,16841800,29.110001
2012-07-17,28.48,28.59,27.15,28.09,30438600,28.09
2012-07-16,30.50,30.50,28.209999,28.25,24672100,28.25
2012-07-13,31.040001,31.07,30.559999,30.719999,8108300,30.719999
2012-07-12,30.700001,31.40,30.60,30.809999,11300700,30.809999
2012-07-11,31.48,31.559999,30.549999,30.969999,13030300,30.969999
2012-07-10,32.43,32.48,31.16,31.469999,14269500,31.469999
2012-07-09,32.099998,32.880001,31.99,32.169998,17785200,32.169998
2012-07-06,31.440001,31.90,31.26,31.73,10945600,31.73
2012-07-05,31.32,31.629999,31.02,31.469999,10032100,31.469999
2012-07-03,30.91,31.440001,30.799999,31.200001,8763600,31.200001
2012-07-02,31.25,31.73,30.549999,30.77,14122000,30.77
2012-06-29,31.92,31.99,30.76,31.10,19526900,31.10
2012-06-28,31.959999,32.189999,30.90,31.360001,17713300,31.360001
2012-06-27,32.459999,32.900002,31.90,32.23,28568000,32.23
2012-06-26,32.689999,33.439999,32.50,33.099998,24858700,33.099998
2012-06-25,32.860001,33.02,31.549999,32.060001,24352900,32.060001
2012-06-22,32.41,33.450001,32.060001,33.049999,74834000,33.049999
2012-06-21,31.67,32.50,31.51,31.84,21875300,31.84
2012-06-20,31.92,31.93,31.15,31.60,15553600,31.60
2012-06-19,31.540001,32.18,30.700001,31.91,30849000,31.91
2012-06-18,29.959999,32.080002,29.41,31.41,42978900,31.41
2012-06-15,28.51,30.10,28.35,30.01,43563800,30.01
2012-06-14,27.65,28.32,27.379999,28.290001,16855000,28.290001
2012-06-13,27.66,28.10,27.10,27.27,17102800,27.27
2012-06-12,27.48,27.77,26.959999,27.40,15816800,27.40
2012-06-11,27.18,28.07,26.84,27.01,28219600,27.01
2012-06-08,26.549999,27.76,26.440001,27.10,38034000,27.10
2012-06-07,27.00,27.35,26.15,26.309999,26159500,26.309999
2012-06-06,26.07,27.17,25.52,26.809999,61489200,26.809999
2012-06-05,26.700001,27.76,25.75,25.870001,42473400,25.870001
2012-06-04,27.200001,27.65,26.440001,26.90,35230300,26.90
2012-06-01,28.889999,29.15,27.389999,27.719999,41855500,27.719999
2012-05-31,28.549999,29.67,26.83,29.60,111639200,29.60
2012-05-30,28.700001,29.549999,27.860001,28.190001,57267900,28.190001
2012-05-29,31.48,31.690001,28.65,28.84,78063400,28.84
2012-05-25,32.900002,32.950001,31.110001,31.91,37149800,31.91
2012-05-24,32.950001,33.209999,31.77,33.029999,50237200,33.029999
2012-05-23,31.370001,32.50,31.360001,32.00,73600000,32.00
2012-05-22,32.610001,33.59,30.940001,31.00,101786600,31.00
2012-05-21,36.529999,36.66,33.00,34.029999,168192700,34.029999
2012-05-18,42.049999,45.00,38.00,38.23,573576400,38.23
